ngram,freq1,freq2,LR,LL,Len_Corpus1,Len_Corpus2
longitude,1075,0,9.93983338589841,808.6437797557695,6752856,3083437
circumference,718,0,9.357885922932685,540.0988221996672,6752856,3083437
refraction,2177,2,8.635570485074213,1610.2657581148399,6752856,3083437
mirage,357,0,8.350841008141101,268.54495755610196,6752856,3083437
mercator,330,0,8.237548037983041,248.23483471572447,6752856,3083437
saros,311,0,8.15212992949935,233.94252605027367,6752856,3083437
santiago,305,0,8.124070146294079,229.42916541907869,6752856,3083437
equinox,839,1,7.997465590691222,617.9727168177004,6752856,3083437
clockwise,274,0,7.969703915480547,206.1101354912379,6752856,3083437
trigonometry,273,0,7.964438599267905,205.35790871937206,6752856,3083437
equidistant,233,0,7.736320316185011,175.26883784473887,6752856,3083437
interferometer,229,0,7.711391919889157,172.25993075727555,6752856,3083437
capricorn,223,0,7.673172597658667,167.74657012608054,6752856,3083437
monopole,220,0,7.653676422032869,165.48988981048305,6752856,3083437
ua,1833,4,7.539501125744702,1331.0839034472522,6752856,3083437
unipolar,202,0,7.5308196742473354,151.9498079168981,6752856,3083437
enag,572,1,7.445210958738499,417.89375634771204,6752856,3083437
allais,186,0,7.4120733967305865,139.9141795670447,6752856,3083437
gravimeter,185,0,7.404316953096152,139.16195279517888,6752856,3083437
johannesburg,176,0,7.332565949746529,132.3919118483864,6752856,3083437
ecliptic,175,0,7.324368796779909,131.63968507652055,6752856,3083437
gyroscope,170,0,7.282669505499521,127.8785512171914,6752856,3083437
geodetic,169,0,7.274183039611692,127.12632444532557,6752856,3083437
sextant,167,0,7.257058861820484,125.62187090159391,6752856,3083437
atmolayer,167,0,7.257058861820484,125.62187090159391,6752856,3083437
elevations,166,0,7.248419943546611,124.86964412972807,6752856,3083437
qantas,165,0,7.239728983282567,124.11741735786224,6752856,3083437
surveyors,161,0,7.204431931169274,121.10851027039891,6752856,3083437
triangulation,157,0,7.168249594862628,118.09960318293558,6752856,3083437
hemiplane,153,0,7.131136421845528,115.09069609547225,6752856,3083437
theodolite,152,0,7.121707008925598,114.33846932360643,6752856,3083437
coriolis,1060,3,7.1122155599483,763.1076283909458,6752856,3083437
deg,146,0,7.063798430897597,109.82510869241143,6752856,3083437
auckland,144,0,7.043967258976028,108.32065514867978,6752856,3083437
equator,2736,9,7.039230204239252,1958.0369888586033,6752856,3083437
horizon,9237,33,6.976239129938452,6586.888500575744,6752856,3083437
trig,137,0,6.972329384887371,103.05506774561896,6752856,3083437
gyro,136,0,6.961798717395201,102.30284097375312,6752856,3083437
haversine,136,0,6.961798717395201,102.30284097375312,6752856,3083437
shaq,135,0,6.95119061782922,101.55061420188733,6752856,3083437
hemispheres,134,0,6.940503939031973,100.7983874300215,6752856,3083437
distances,3868,14,6.928619139858147,2756.643300463639,6752856,3083437
ligo,129,0,6.885849864161902,97.03725357069234,6752856,3083437
equinoxes,126,0,6.852035151169659,94.78057325509484,6752856,3083437
navigators,125,0,6.8405851304261205,94.02834648322902,6752856,3083437
transmitters,122,0,6.8056795154779195,91.77166616763151,6752856,3083437
sidereal,122,0,6.8056795154779195,91.77166616763151,6752856,3083437
globular,121,0,6.79385408008113,91.01943939576569,6752856,3083437
axial,120,0,6.7819309127053105,90.26721262389985,6752856,3083437
polaris,839,3,6.7750731693547745,598.2661609665126,6752856,3083437
epicycles,118,0,6.757784825373608,88.76275908016818,6752856,3083437
stellarium,114,0,6.708245364572293,85.75385199270485,6752856,3083437
convexity,114,0,6.708245364572293,85.75385199270485,6752856,3083437
pluto,112,0,6.682822767692386,84.2493984489732,6752856,3083437
wavelengths,112,0,6.682822767692386,84.2493984489732,6752856,3083437
â«,111,0,6.669941476395653,83.49717167710736,6752856,3083437
hampden,110,0,6.65694413586678,82.74494490524152,6752856,3083437
ic,110,0,6.65694413586678,82.74494490524152,6752856,3083437
gravimeters,108,0,6.630592808919828,81.24049136150987,6752856,3083437
cartography,108,0,6.630592808919828,81.24049136150987,6752856,3083437
receding,106,0,6.603751196701187,79.7360378177782,6752856,3083437
gauss,105,0,6.590140765182534,78.98381104591238,6752856,3083437
ptolemy,102,0,6.548521675980795,76.72713073031487,6752856,3083437
eers,101,0,6.534377493660525,75.97490395844905,6752856,3083437
michelson,294,1,6.4862028995846535,210.10418194026468,6752856,3083437
equatorial,270,1,6.363563859581007,192.22075340315817,6752856,3083437
bi-polar,257,1,6.292507697824774,182.54031024316626,6752856,3083437
ret,1456,8,6.289868721365358,1014.4947415410716,6752856,3083437
rowbotham,2388,14,6.232949742819042,1656.8202508331078,6752856,3083437
fe'ers,738,4,6.227570685797826,514.6607930040842,6752856,3083437
diagram,1310,8,6.1374803735534265,906.3554057943816,6752856,3083437
lat,228,1,6.120129430812263,160.96470121785205,6752856,3083437
magnification,373,2,6.0920779143772235,260.29629231879164,6752856,3083437
tropic,371,2,6.084331882126582,258.8132865990121,6752856,3083437
diagrams,364,2,6.056888485914923,253.6236853852679,6752856,3083437
eratosthenes,215,1,6.0356231348432905,151.30290398354873,6752856,3083437
azimuthal,213,1,6.022171335374683,149.81709862734394,6752856,3083437
altitude,2309,16,5.998012287965932,1582.7986950621103,6752856,3083437
accelerating,1423,10,5.951950931438854,974.3905168037297,6752856,3083437
cavendish,331,2,5.919978541700574,229.1792524965883,6752856,3083437
gleason,197,1,5.909787918818658,137.93726708235954,6752856,3083437
declination,195,1,5.895103873061545,136.4531699923948,6752856,3083437
accelerator,192,1,5.872793711336456,134.22741819668116,6752856,3083437
antarctic,569,4,5.852668606741148,389.60856298952683,6752856,3083437
vanishing,808,6,5.8277058218079185,550.841564358638,6752856,3083437
latitudes,432,3,5.818242976941832,296.0825045449815,6752856,3083437
neutrinos,182,1,5.795831729521572,126.81184269263395,6752856,3083437
converge,293,2,5.744330174698039,201.08085763655444,6752856,3083437
angular,1109,9,5.736808015228775,750.3754511410659,6752856,3083437
sunset,1917,16,5.729658319507191,1293.8569419090122,6752856,3083437
spheroid,397,3,5.696497704589462,270.2596755131649,6752856,3083437
bedford,279,2,5.673817954431176,190.74484427768195,6752856,3083437
curving,272,2,5.637225901252275,185.58052854822424,6752856,3083437
balloons,379,3,5.629642729833211,256.996922917392,6752856,3083437
everest,270,2,5.626598265414802,184.10548703423237,6752856,3083437
acceleration,2966,27,5.622227930410681,1985.74823629644,6752856,3083437
refracted,161,1,5.619469430448118,111.25957123716265,6752856,3083437
sagnac,692,6,5.604272119270807,465.43554322282944,6752856,3083437
gps,2286,21,5.601702025580214,1529.1379752441608,6752856,3083437
circumnavigation,157,1,5.583287094141471,108.30082368284191,6752856,3083437
seismic,260,2,5.572253043866494,176.73361367873395,6752856,3083437
solstice,259,2,5.5667042099458675,175.99674208752307,6752856,3083437
rabinoz,155,1,5.564849845884795,106.82192967937392,6752856,3083437
illuminated,464,4,5.55865136141569,312.25038874998916,6752856,3083437
gravitation,1184,11,5.555542103658567,791.1226776558246,6752856,3083437
fet,2888,28,5.532256341650733,1921.4997882637444,6752856,3083437
astronomers,556,5,5.529847835180011,372.68029177722127,6752856,3083437
navigation,956,9,5.522735221377876,637.9453429793555,6752856,3083437
helium,150,1,5.517698752513894,103.12616134770343,6752856,3083437
eclipses,941,9,5.499931347645991,626.9452652013016,6752856,3083437
infrared,148,1,5.498398196554958,101.6484641556334,6752856,3083437
surveying,246,2,5.492557317965898,166.42296829624397,6752856,3083437
̂°,437,4,5.472255781752727,292.4177587919917,6752856,3083437
antartica,143,1,5.44898600242988,97.95583041031836,6752856,3083437
pole,4036,42,5.438539816699221,2665.5060113847007,6752856,3083437
sunrise,995,10,5.436001659417091,659.5629981912901,6752856,3083437
projections,330,3,5.430193115925436,220.96496623588192,6752856,3083437
dishes,235,2,5.42669673120077,158.330700974531,6752856,3083437
azimuth,235,2,5.42669673120077,158.330700974531,6752856,3083437
antarctica,1615,17,5.3975235947957465,1065.2772564520526,6752856,3083437
hemisphere,1785,19,5.385751776199166,1175.9806345697787,6752856,3083437
reers,136,1,5.376836216674045,92.79026427411212,6752856,3083437
diameter,1310,14,5.366962219676195,862.664633359778,6752856,3083437
buoyancy,132,1,5.333927625204754,89.84084139916432,6752856,3083437
biefeld,132,1,5.333927625204754,89.84084139916432,6752856,3083437
curved,1278,14,5.331297026589426,839.2821190316449,6752856,3083437
fe,9459,109,5.3018027307051385,6175.933651541313,6752856,3083437
altitudes,388,4,5.300887363440746,256.50547575307587,6752856,3083437
iss,1590,18,5.294852867385912,1040.27855199906,6752856,3083437
latitude,1931,22,5.292694442377606,1262.4526564106022,6752856,3083437
refractive,210,2,5.264789904654383,139.97292936858625,6752856,3083437
overhead,714,8,5.262368936320826,467.6980938952394,6752856,3083437
ellipsoid,124,1,5.244081007822274,83.94758171289612,6752856,3083437
sunsets,370,4,5.23244630733887,243.34342041380336,6752856,3083437
perturbations,123,1,5.23244630733887,83.21148414812198,6752856,3083437
accelerated,285,3,5.2190335897805875,187.9901040797739,6752856,3083437
curvature,2650,32,5.218722588719667,1720.5971971984768,6752856,3083437
aether,1011,12,5.207465991258907,657.7892843583429,6752856,3083437
measurements,1403,17,5.1945719080429065,910.5628966725133,6752856,3083437
noaa,119,1,5.184945883734941,80.26842700194605,6752856,3083437
compasses,119,1,5.184945883734941,80.26842700194605,6752856,3083437
concave,196,2,5.165498983846593,129.71637438538787,6752856,3083437
noon,745,9,5.163178605315205,483.6903943751746,6752856,3083437
mast,116,1,5.148265220408473,78.06259718749729,6752856,3083437
globe,6470,85,5.110850545277528,4156.513542456752,6752856,3083437
buenos,113,1,5.1106275630451075,75.85809407294211,6752856,3083437
oblate,263,3,5.103345806054959,171.92050355754,6752856,3083437
elevation,1158,15,5.092887594953296,745.2941720044225,6752856,3083437
â°,782,10,5.0886710955165695,504.1292876083685,6752856,3083437
sailors,185,2,5.082388858208789,121.67171020690168,6752856,3083437
bendy,259,3,5.0812773827756255,169.00302780598224,6752856,3083437
atmoplane,184,2,5.074590487648383,120.94104703846686,6752856,3083437
wiki,4002,54,5.067542939102042,2561.9687650886904,6752856,3083437
projection,1427,19,5.062914387863305,915.1391893613713,6752856,3083437
geometric,253,3,5.047528591421085,164.62948090783073,6752856,3083437
aires,108,1,5.045630308198672,72.18706615144707,6752856,3083437
flights,1103,15,5.0227161803680875,705.3719150233521,6752856,3083437
circling,248,3,5.018788695980031,160.9873999795879,6752856,3083437
eclipse,1874,26,5.01341123220024,1195.193506918283,6752856,3083437
satellites,2281,32,5.002440701892547,1452.5600708097766,6752856,3083437
sun,22970,329,4.992401561288072,14585.468055371182,6752856,3083437
geostationary,172,2,4.977566033253518,112.1825854944528,6752856,3083437
mapping,240,3,4.971579738187787,155.16512489163492,6752856,3083437
ascent,102,1,4.963559175259639,67.78748112206029,6752856,3083437
underside,170,2,4.960741410612159,110.72464462681052,6752856,3083437
mach,165,2,4.917800888395204,107.0822152342156,6752856,3083437
perth,163,2,4.900260307086069,105.62624772630146,6752856,3083437
upwards,1008,15,4.892840634701435,636.5932942334123,6752856,3083437
composite,226,3,4.88505389446398,144.99227038809542,6752856,3083437
upward,483,7,4.879523060343671,306.1875534431913,6752856,3083437
proponents,288,4,4.871544083678519,183.65295344818344,6752856,3083437
measured,1631,25,4.868599506595717,1025.5986699942878,6752856,3083437
observations,3127,49,4.8504791254489215,1959.8437135011818,6752856,3083437
parallax,346,5,4.846321499975265,219.42888594212164,6752856,3083437
rotate,721,11,4.840335204909534,453.6889106700154,6752856,3083437
vertically,218,3,4.833176123918343,139.18924747513339,6752856,3083437
miles,6812,110,4.815107626522931,4249.898114987146,6752856,3083437
lm,149,2,4.771115155786092,95.45200229800656,6752856,3083437
travels,684,11,4.764386351676236,427.00652255803095,6752856,3083437
s^,148,2,4.761432602388752,94.7265318778024,6752856,3083437
re'ers,265,4,4.75168462583719,167.01280720854933,6752856,3083437
zoomed,146,2,4.741870336010234,93.27613403342558,6752856,3083437
nautical,318,5,4.724759520094352,199.20411150932736,6752856,3083437
repeatable,143,2,4.712020408263674,91.10193216553878,6752856,3083437
distance,9176,160,4.706340375642198,5655.134626811241,6752856,3083437
ae,141,2,4.691771724419868,89.65342450175021,6752856,3083437
horizontal,820,14,4.691420104861489,507.1023138472573,6752856,3083437
maps,2460,43,4.69083388175676,1515.4758806036016,6752856,3083437
earths,423,7,4.688369140199029,262.8967269872432,6752856,3083437
satellite,2228,39,4.6871180739108995,1372.231935205564,6752856,3083437
discrepancies,140,2,4.6815398018089125,88.92946686942157,6752856,3083437
experiments,2778,49,4.679775481346228,1708.8187633886487,6752856,3083437
vertical,689,12,4.654592128214604,424.70923592950555,6752856,3083437
shore,247,4,4.6504012900000085,154.03110261812122,6752856,3083437
magnets,245,4,4.63869578934773,152.5911669518162,6752856,3083437
shortest,299,5,4.636022150626837,185.52293863016783,6752856,3083437
celestial,2094,38,4.634645204646971,1281.937353446988,6752856,3083437
downwards,352,6,4.630081305620413,217.7400750280229,6752856,3083437
gravitational,1700,31,4.623504943683274,1039.8731607494337,6752856,3083437
rotated,134,2,4.618575844144611,84.59004973301754,6752856,3083437
observer,2530,47,4.604392727153123,1542.6414298719114,6752856,3083437
galileo,239,4,4.602998420769216,148.2745419528849,6752856,3083437
telescope,1401,26,4.593877150944643,854.3959814020862,6752856,3083437
poles,1027,19,4.588562036182146,626.6504136366914,6752856,3083437
calculations,1235,23,4.585332020126496,752.7026495356031,6752856,3083437
flatness,183,3,4.581322907260957,113.90354647328235,6752856,3083437
tilt,494,9,4.570940773790874,302.2220600686347,6752856,3083437
landings,232,4,4.56020348102843,143.24476667114843,6752856,3083437
photographic,232,4,4.56020348102843,143.24476667114843,6752856,3083437
headlights,128,2,4.552738030781865,80.25854208015502,6752856,3083437
earthâs,177,3,4.533361868809789,109.58855553409799,6752856,3083437
gravitons,126,2,4.530107056282296,78.81659107980327,6752856,3083437
rotates,428,8,4.5247301293375095,260.69008669958635,6752856,3083437
lens,831,16,4.524219910404164,503.51411775429955,6752856,3083437
rays,1234,24,4.524042853502922,746.3474981818673,6752856,3083437
telescopes,474,9,4.511378340052873,287.91459830853546,6752856,3083437
visibility,274,5,4.51027229684325,167.58288294521486,6752856,3083437
bulge,224,4,4.5096882097741835,137.50524844297476,6752856,3083437
ge,174,3,4.508769880627397,107.43357500336126,6752856,3083437
measurement,869,17,4.503800776836969,525.035390658372,6752856,3083437
doppler,223,4,4.503247596216354,136.78849937793217,6752856,3083437
height,2687,54,4.492906291062607,1615.4617548814008,6752856,3083437
magnet,466,9,4.486847333883522,282.2002777672543,6752856,3083437
map,7383,151,4.475956736722901,4424.277102386173,6752856,3083437
illustration,314,6,4.465518065213546,190.51408618133132,6752856,3083437
dip,604,12,4.464783915949748,363.90091851854356,6752856,3083437
earther,1120,23,4.4443796583081046,670.6493003075685,6752856,3083437
umbra,118,2,4.435856730486245,73.05903702273199,6752856,3083437
irrefutable,118,2,4.435856730486245,73.05903702273199,6752856,3083437
spherical,2004,42,4.428677342488418,1195.3517645427205,6752856,3083437
rotational,258,5,4.423630428152986,156.14335144507163,6752856,3083437
bends,258,5,4.423630428152986,156.14335144507163,6752856,3083437
angle,3494,74,4.420743387370721,2079.907932843006,6752856,3083437
chile,210,4,4.4167929980994325,127.48567768100466,6752856,3083437
accelerate,536,11,4.4129139811748574,320.9928251675524,6752856,3083437
scattering,116,2,4.411299626242267,71.62238333557421,6752856,3083437
antenna,208,4,4.4030201484777,126.05705636010356,6752856,3083437
binoculars,208,4,4.4030201484777,126.05705636010356,6752856,3083437
anomalies,254,5,4.401131803913747,153.28919114861384,6752856,3083437
observers,577,12,4.398862523004044,344.6773548549839,6752856,3083437
feers,392,8,4.398127579003999,235.00214840409336,6752856,3083437
accelerates,207,4,4.3960841012673235,125.34301697838548,6752856,3083437
optics,299,6,4.395014051123042,179.81239991808434,6752856,3083437
geometry,1124,24,4.389399678137957,668.0391087477303,6752856,3083437
illumination,160,3,4.388116141540047,97.4012168135391,6752856,3083437
n-body,113,2,4.373661968878902,69.46960756263846,6752856,3083437
denser,158,3,4.370025684557152,95.97153276951178,6752856,3083437
ether,836,18,4.367809940884752,496.06075167790493,6752856,3083437
triangle,564,12,4.366015157473625,335.439646180094,6752856,3083437
tides,607,13,4.360894672805023,360.55301813602887,6752856,3083437
perimeter,157,3,4.360894672805023,95.25704309066566,6752856,3083437
crepuscular,111,2,4.3480133815082915,68.03595417581454,6752856,3083437
zetetic,1046,23,4.34580932105342,618.0959154004381,6752856,3083437
tectonic,155,3,4.342457424548347,93.82878335083478,6752856,3083437
furthest,110,2,4.3350160409794185,67.31960304582988,6752856,3083437
trajectories,110,2,4.3350160409794185,67.31960304582988,6752856,3083437
shoreline,109,2,4.32190054118916,66.60357660434879,6752856,3083437
utc,109,2,4.32190054118916,66.60357660434879,6752856,3083437
pixels,238,5,4.307455413843563,141.8976703178199,6752856,3083437
aetheric,151,3,4.3048606378906955,90.97522962963589,6752856,3083437
earthers,2444,56,4.304186304068298,1432.1761503010612,6752856,3083437
moon,14487,335,4.301393661056362,8473.23725642261,6752856,3083437
flat,28940,672,4.296453345857813,16911.945850484823,6752856,3083437
experiment,5563,129,4.294010342012961,3251.8250528295553,6752856,3083437
euclid,106,2,4.281823101813824,64.45750554706295,6752856,3083437
horizontally,233,5,4.276888697547713,138.34663594836982,6752856,3083437
gyroscopes,105,2,4.2682126702951715,63.74283884050233,6752856,3083437
perpendicular,357,8,4.263378166890761,210.15484675489563,6752856,3083437
degrees,3210,76,4.260236017146433,1868.207250884922,6752856,3083437
antennas,146,3,4.256443508839992,87.41412096268478,6752856,3083437
cm,313,7,4.254472613668869,184.3279580503151,6752856,3083437
curves,271,6,4.2534102461386185,159.91767963774404,6752856,3083437
haze,145,3,4.246561997326029,86.70271209152008,6752856,3083437
zooming,103,2,4.240600439087312,62.31458038076374,6752856,3083437
outwards,103,2,4.240600439087312,62.31458038076374,6752856,3083437
gravity,6836,165,4.237396369357913,3962.1583628335525,6752856,3083437
nearer,144,3,4.236612336918424,85.9915828168054,6752856,3083437
calculating,267,6,4.231996939622766,157.08525347601346,6752856,3083437
intersect,143,3,4.226593581093432,85.2807369954991,6752856,3083437
lighthouse,183,4,4.218752827876249,108.26543560498742,6752856,3083437
kilometers,264,6,4.215725770448282,154.96265834780348,6752856,3083437
sunrises,101,2,4.212449398773162,60.88780162143643,6752856,3083437
optical,668,16,4.2094312072102475,387.8139801683038,6752856,3083437
zoom,465,11,4.20811697797713,270.6768835147556,6752856,3083437
calculators,140,3,4.1961129746386705,83.1499400406741,6752856,3083437
elliptical,220,5,4.194244803395572,129.13554862316954,6752856,3083437
tilted,220,5,4.194244803395572,129.13554862316954,6752856,3083437
visible,2061,51,4.192019795180195,1188.1007849481807,6752856,3083437
magnetic,1246,31,4.175428820466933,717.4219146583489,6752856,3083437
faq,729,18,4.1703523787642895,420.44683968171177,6752856,3083437
corrections,215,5,4.16115401692715,125.60170706064629,6752856,3083437
angles,1184,30,4.148366722152693,678.9573583799141,6752856,3083437
phases,601,15,4.14726619326455,345.8016690183407,6752856,3083437
astronomer,211,5,4.134123810958002,122.77842848066781,6752856,3083437
dubay,210,5,4.127286380904447,122.07315230790306,6752856,3083437
subquarks,133,3,4.1223825861052985,78.18877774812191,6752856,3083437
ellipse,133,3,4.1223825861052985,78.18877774812191,6752856,3083437
copernicus,133,3,4.1223825861052985,78.18877774812191,6752856,3083437
suns,396,10,4.107901209400567,227.25547380628296,6752856,3083437
observed,2052,54,4.1040237583635895,1166.5849569688949,6752856,3083437
constellations,244,6,4.10229251328649,140.85248932031354,6752856,3083437
feer,167,4,4.087133860378171,96.95349504207594,6752856,3083437
transit,241,6,4.08448123717003,138.7424576410317,6752856,3083437
m/s,278,7,4.083684498206862,159.64076752375274,6752856,3083437
longitudinal,129,3,4.078494942104299,75.36102423638778,6752856,3083437
routes,460,12,4.07224273279196,262.043099269629,6752856,3083437
curve,1664,45,4.062120091416916,939.9737460991228,6752856,3083437
equivalence,344,9,4.049474235736055,195.8316765054205,6752856,3083437
circle,2549,70,4.045488846705115,1434.6312793450943,6752856,3083437
earth,55822,1579,4.012348470950581,31192.48303995383,6752856,3083437
km,3128,89,3.9964811879104305,1745.3495250485087,6752856,3083437
round,8018,229,3.99580789842382,4469.650016219776,6752856,3083437
orbits,1029,29,3.9941266417457615,575.5088745133387,6752856,3083437
spinning,917,26,3.9826854696427247,512.1068343332771,6752856,3083437
disappearing,224,6,3.979173493075404,126.8212679974256,6752856,3083437
calculate,1148,33,3.9684875273955,638.9271796989019,6752856,3083437
relativity,1318,38,3.9669368916450076,732.9946259583176,6752856,3083437
shuttle,290,8,3.963973088629538,163.04059033592173,6752856,3083437
propulsion,119,3,3.962553462398493,68.31712020084936,6752856,3083437
faked,867,25,3.9573361819694766,482.1601090922865,6752856,3083437
angled,150,4,3.9327362517927384,85.01382958254922,6752856,3083437
vantage,150,4,3.9327362517927384,85.01382958254922,6752856,3083437
newtonian,417,12,3.9308177740620387,232.021012687635,6752856,3083437
equations,915,27,3.926097938748026,505.8936267144016,6752856,3083437
fisheye,116,3,3.925872799072025,66.21171641575508,6752856,3083437
axis,848,25,3.9253870840465166,468.95987301923515,6752856,3083437
jupiter,681,20,3.9240594186624747,376.97288707711346,6752856,3083437
calculation,647,19,3.9223757401870167,358.1589596140077,6752856,3083437
re,3358,101,3.9173069728639263,1847.49253543639,6752856,3083437
observable,413,12,3.916928905871899,229.24015126026853,6752856,3083437
rotation,1702,51,3.9159801321915637,937.3114389195123,6752856,3083437
radius,908,27,3.9150245671848047,501.0367189291089,6752856,3083437
transmitter,147,4,3.9036877192822397,82.91663237631411,6752856,3083437
sighting,147,4,3.9036877192822397,82.91663237631411,6752856,3083437
empirical,671,20,3.9027331612847074,370.0337613743919,6752856,3083437
orbit,2929,89,3.9016645338190403,1607.1880824198988,6752856,3083437
sunlight,701,21,3.89707611539315,386.074095721827,6752856,3083437
birley,146,4,3.893873429455284,82.21828111956447,6752856,3083437
sphere,2353,72,3.889724624149668,1288.757124445657,6752856,3083437
continents,600,18,3.889608646552033,330.3265242724945,6752856,3083437
sinking,534,16,3.8866935948373857,294.08567416129245,6752856,3083437
farther,598,18,3.884795647789901,328.9405005387522,6752856,3083437
shadow,2211,68,3.881819020413475,1209.3575988291223,6752856,3083437
model,10074,312,3.8797498156831343,5500.0100766517135,6752856,3083437
venus,627,19,3.877111006451235,344.290163318885,6752856,3083437
balloon,626,19,3.874810056934961,343.5976894312351,6752856,3083437
flight,3001,93,3.873615069214609,1638.1632990843714,6752856,3083437
astronomy,847,26,3.8681906799358554,463.520361475648,6752856,3083437
airline,335,10,3.866893109896772,184.67015957668184,6752856,3083437
meters,717,22,3.8640235017087243,392.4223888892808,6752856,3083437
meridian,270,8,3.8610635190518243,149.12335617425282,6752856,3083437
bipolar,397,12,3.8599964368723416,218.13901393297385,6752856,3083437
dome,1439,45,3.852599009840087,783.6108941610619,6752856,3083437
lunar,1375,43,3.851838504942831,748.7530481824346,6752856,3083437
melbourne,110,3,3.849589213809176,62.01285625377007,6752856,3083437
glare,172,5,3.840062509503583,95.45881886325186,6752856,3083437
measurable,234,7,3.8355950933822065,128.92244314770133,6752856,3083437
clouds,1388,44,3.832619607327797,753.0676539475066,6752856,3083437
centrifugal,326,10,3.827663335243019,178.43670321455312,6752856,3083437
neutrino,108,3,3.823237886862224,60.61700963218908,6752856,3083437
photographs,385,12,3.8157724366156587,209.8378439839311,6752856,3083437
mph,564,18,3.8004179816194,305.4401021740716,6752856,3083437
rises,533,17,3.7991030203548073,288.70101218402635,6752856,3083437
faking,289,9,3.798533601021,157.55109974657395,6752856,3083437
velocities,135,4,3.781265616386908,74.56167808712641,6752856,3083437
brightness,165,5,3.7802973646452696,90.60267455760132,6752856,3083437
inches,460,15,3.761902612179809,247.6461484388157,6752856,3083437
observational,192,6,3.7573164939165205,104.57354087496311,6752856,3083437
observation,2146,72,3.7569029439082384,1146.0984151547395,6752856,3083437
rectangle,103,3,3.75517361191707,57.1363190289134,6752856,3083437
calculator,428,14,3.7542119754602767,230.21913604796367,6752856,3083437
occam,191,6,3.749802440259214,103.88301579051027,6752856,3083437
kepler,396,13,3.7453311300158587,212.79242736517443,6752856,3083437
stationary,600,20,3.741510007562899,321.0301486936861,6752856,3083437
propagation,160,5,3.7360394449603547,87.14461739580261,6752856,3083437
obscured,275,9,3.727022571602921,147.89975360973676,6752856,3083437
charts,303,10,3.72227685995227,162.5759771663607,6752856,3083437
moons,533,18,3.7189326716708235,284.12355619009236,6752856,3083437
mercury,330,11,3.7139860819260275,176.56658178152736,6752856,3083437
spotlight,644,22,3.709225028507325,342.1595243472707,6752856,3083437
squared,157,5,3.7088179762253306,85.07429285664833,6752856,3083437
convex,214,7,3.706984818366376,115.10956802398184,6752856,3083437
calibrated,128,4,3.7047411242269144,69.71569391664208,6752856,3083437
rotating,1155,40,3.703493118058355,611.2169893108189,6752856,3083437
measuring,898,31,3.7031363464853744,475.6603635370667,6752856,3083437
downward,299,10,3.703136346485374,159.82853498317937,6752856,3083437
objects,2547,89,3.7000922302642683,1344.3150666569263,6752856,3083437
astronauts,524,18,3.6943871734236664,277.95637637689737,6752856,3083437
width,212,7,3.693470011891894,113.73445692305037,6752856,3083437
zenith,155,5,3.690380727968654,83.69603441898224,6752856,3083437
electromagnetic,492,17,3.6837384738741212,260.5369586059043,6752856,3083437
̂,433,15,3.6747334493103083,229.12085531318752,6752856,3083437
crust,152,5,3.6622753902883,81.63168419114218,6752856,3083437
object,3859,139,3.6591185071011174,2018.3992278966116,6752856,3083437
dish,345,12,3.657727287088883,182.33911213430906,6752856,3083437
humidity,123,4,3.6474838066177138,66.26835151782538,6752856,3083437
photograph,368,13,3.6396748834069497,193.6049387281814,6752856,3083437
euclidean,176,6,3.632126231605437,93.56536597895357,6752856,3083437
neptune,121,4,3.623929078638817,64.89294422179722,6752856,3083437
ea,499,18,3.623929078638817,260.8803187906757,6752856,3083437
vacuum,1469,54,3.621966895349755,763.5815266612285,6752856,3083437
circular,714,26,3.621911323007966,372.21129922042496,6752856,3083437
disk,786,29,3.605701482529194,408.09482759657976,6752856,3083437
illuminating,171,6,3.590666624507069,90.14423095492263,6752856,3083437
daylight,381,14,3.5865998281823073,198.0663276835964,6752856,3083437
formulas,223,8,3.5857097564083267,116.77980705957503,6752856,3083437
sydney,616,23,3.5824098092005507,318.6483570932593,6752856,3083437
mi,117,4,3.575633521598036,62.14854813376145,6752856,3083437
tidal,220,8,3.56621358078253,114.73601252564728,6752856,3083437
photons,427,16,3.564428066890155,220.63549064858398,6752856,3083437
parallel,1301,50,3.556789690127666,666.8664415142978,6752856,3083437
moonlight,167,6,3.5566191436793915,87.41443452564984,6752856,3083437
orientation,319,12,3.544857507647618,164.62847558193673,6752856,3083437
cape,190,7,3.5357981683601523,98.69318343891338,6752856,3083437
continental,190,7,3.5357981683601523,98.69318343891338,6752856,3083437
pilots,342,13,3.5341142521597693,175.91803763715941,6752856,3083437
polar,569,22,3.530740511853786,291.0937998564808,6752856,3083437
orbital,763,30,3.5147885857093137,388.22303777234447,6752856,3083437
stars,4005,160,3.5103787171475593,2027.1305461157826,6752856,3083437
einstein,1056,42,3.5047276922725876,535.2813878882627,6752856,3083437
illuminate,161,6,3.5039922130281815,83.33230442129103,6752856,3083437
drift,334,13,3.500016474953341,170.50409586427162,6752856,3083437
morley,111,4,3.500016474953341,58.04911396209354,6752856,3083437
mile,1201,48,3.4997496674180875,607.8022311392856,6752856,3083437
photoshop,184,7,3.489627986927226,94.62085379579523,6752856,3083437
motionless,110,4,3.487019134424468,57.36800626282364,6752856,3083437
float,159,6,3.486014472099126,81.9751086186005,6752856,3083437
tops,208,8,3.485482308669673,106.5903467076322,6752856,3083437
phenomena,621,25,3.476226815556338,313.51856287282806,6752856,3083437
kms,182,7,3.4739036346342096,93.26655336917818,6752856,3083437
nasa,4557,187,3.472321732018602,2285.8809211965854,6752856,3083437
shape,3437,142,3.4613674656099915,1720.0917707665583,6752856,3083437
waves,1698,70,3.459535726955756,850.4193744574654,6752856,3083437
planar,107,4,3.4473094246224965,55.32855759034927,6752856,3083437
marble,107,4,3.4473094246224965,55.32855759034927,6752856,3083437
maths,465,19,3.446276715171894,233.59202070460128,6752856,3083437
rocket,1919,80,3.444639543207681,957.4336936680328,6752856,3083437
inertial,390,16,3.4338261952588747,195.648059972166,6752856,3083437
math,2226,94,3.42736104869718,1105.6711143112093,6752856,3083437
intikam,129,5,3.4264182455246055,65.94250691879598,6752856,3083437
airliner,105,4,3.4202157637402215,53.97227337023445,6752856,3083437
atmospheric,1135,48,3.4182407249951092,563.472778589042,6752856,3083437
newton,1202,51,3.4143622279495345,596.0546469498253,6752856,3083437
magnetism,151,6,3.4117758418072075,76.56509236357027,6752856,3083437
tube,384,16,3.411487245078722,191.62085112208666,6752856,3083437
differential,172,7,3.3926035325323616,86.52020477994866,6752856,3083437
ft,517,22,3.3926035325323616,256.1115530595179,6752856,3083437
distortion,649,28,3.3793372777584882,319.9452958670794,6752856,3083437
fakery,170,7,3.3757789098910025,85.17623296933297,6752856,3083437
distortions,146,6,3.3633587127565048,73.2000858670689,6752856,3083437
continent,479,21,3.3481638267913816,234.78906920382337,6752856,3083437
orbiting,702,31,3.3481160680837205,343.1994105831327,6752856,3083437
distant,902,40,3.3469746953652573,440.30428372556435,6752856,3083437
comets,122,5,3.3462478968406217,61.22400053170039,6752856,3083437
projected,299,13,3.340566267100666,146.9966405181654,6752856,3083437
astronomical,475,21,3.3360783526338142,232.12483274067614,6752856,3083437
experimentally,143,6,3.3335087850099443,71.18751543249184,6752856,3083437
surface,4552,206,3.331486906920104,2205.561648316707,6752856,3083437
perspective,5121,234,3.3179481615084305,2472.3691567989936,6752856,3083437
arctic,206,9,3.3111120344512086,101.09999935635761,6752856,3083437
craters,119,5,3.3104767658188,59.21126835216532,6752856,3083437
currents,248,11,3.302581661980622,121.05040618941119,6752856,3083437
terrestrial,226,10,3.300091393742824,110.40884057113516,6752856,3083437
hubble,118,5,3.2983532067363104,58.541698442086826,6752856,3083437
spacecraft,247,11,3.296764335385308,120.38514975474084,6752856,3083437
photo,1687,78,3.2950926144092776,810.8760741950291,6752856,3083437
greenland,225,10,3.2937077769519694,109.74339544451844,6752856,3083437
calculated,738,34,3.288971230461969,355.2071271229352,6752856,3083437
cg,117,5,3.2861269044030514,57.87281754569915,6752856,3083437
thickness,117,5,3.2861269044030514,57.87281754569915,6752856,3083437
proofs,521,24,3.2808551748799064,250.7733926922902,6752856,3083437
models,1731,81,3.2781200944414994,828.2526603495146,6752856,3083437
compass,646,30,3.2748107987227164,309.9922993138636,6752856,3083437
tunguska,137,6,3.2718896667462785,67.17779914128292,6752856,3083437
geocentric,241,11,3.261358999254109,116.4009584856181,6752856,3083437
observatory,178,8,3.2613589992541088,86.46515579813965,6752856,3083437
outer,532,25,3.253253949617054,254.1411306830251,6752856,3083437
coordinate,529,25,3.2451031084961897,252.16074297700266,6752856,3083437
predicts,341,16,3.2403892254069855,162.99375854756335,6752856,3083437
plane,3834,185,3.238588954148755,1812.8795407934958,6752856,3083437
flown,236,11,3.231175993757731,113.09073646741778,6752856,3083437
interactive,235,11,3.225062870031119,112.42981198671693,6752856,3083437
lenses,191,9,3.2023146449567204,91.14747122655568,6752856,3083437
wavelength,130,6,3.196507854904141,62.527830513894656,6752856,3083437
erroneous,130,6,3.196507854904141,62.527830513894656,6752856,3083437
readings,230,11,3.1941025608476736,109.13096232052976,6752856,3083437
theorem,109,5,3.184397017439225,52.54802963502052,6752856,3083437
saturn,288,14,3.183488089993259,135.7831863892977,6752856,3083437
below,2732,137,3.181759548622594,1272.1453739842627,6752856,3083437
sky,3641,184,3.17188170022516,1690.0957847821144,6752856,3083437
pendulum,364,18,3.169363215173336,170.45182393461226,6752856,3083437
attraction,364,18,3.169363215173336,170.45182393461226,6752856,3083437
photos,1695,86,3.1619084178640553,785.5111842688225,6752856,3083437
located,399,20,3.153541264785242,185.82451384116808,6752856,3083437
newtons,106,5,3.1443195780638895,50.56414048783475,6752856,3083437
disproves,125,6,3.1401454122850287,59.22660410319381,6752856,3083437
ocean,1301,67,3.13818557582863,599.2286734810264,6752856,3083437
temperature,989,51,3.1330969463396423,455.2732871312576,6752856,3083437
probes,105,5,3.130709146545237,49.904523514297175,6752856,3083437
verified,430,22,3.1270579075425182,198.59146600837977,6752856,3083437
heliocentric,637,33,3.1192339177637964,292.67260522129305,6752856,3083437
numerical,256,13,3.116969089918934,118.59575098116777,6752856,3083437
mathematical,671,35,3.110538046398109,307.4123766988397,6752856,3083437
photographer,141,7,3.1068092236987126,65.92264937173573,6752856,3083437
descend,140,7,3.0965773010877564,65.26766436506124,6752856,3083437
joule,121,6,3.0934143619400376,56.59875344278606,6752856,3083437
inertia,158,8,3.0899177653644165,73.2835237803007,6752856,3083437
centripetal,158,8,3.0899177653644165,73.2835237803007,6752856,3083437
lined,102,5,3.0890900573434976,47.93093347509475,6752856,3083437
accuracy,940,50,3.088114227246749,427.09724705136614,6752856,3083437
sailing,232,12,3.0862722926960178,106.66323386257949,6752856,3083437
airlines,341,18,3.0753299791364896,155.44231209034854,6752856,3083437
eye,3005,163,3.0692840556988847,1353.8704679141745,6752856,3083437
southern,2026,110,3.0659134771307577,912.4173826534463,6752856,3083437
anomaly,137,7,3.065438789278852,63.30682963082503,6752856,3083437
deceive,117,6,3.0451188048992566,53.9834036024538,6752856,3083437
density,839,46,3.0432692803043473,376.235834485085,6752856,3083437
observe,1425,79,3.033410945128946,635.895919743675,6752856,3083437
nozzle,116,6,3.032788002988537,53.331616931289744,6752856,3083437
fers,116,6,3.032788002988537,53.331616931289744,6752856,3083437
mathematically,259,14,3.0306513097056578,116.86662773067752,6752856,3083437
hills,223,12,3.0293164078839414,100.81856482915995,6752856,3083437
rockets,956,53,3.0291957484203142,426.60556244508894,6752856,3083437
illusion,755,42,3.020938585502476,336.39976246541266,6752856,3083437
explanation,3757,212,3.0132799342540117,1663.3156807082212,6752856,3083437
explanations,910,51,3.0130562562689684,404.1184049147304,6752856,3083437
operators,131,7,3.0010699701591323,59.404607175925214,6752856,3083437
signals,464,26,3.000655908294802,206.0715927897856,6752856,3083437
galaxies,288,16,2.9970749657623776,128.39763242530015,6752856,3083437
locations,878,50,2.98972856973193,387.1013314660466,6752856,3083437
spacex,303,17,2.9853112657860645,134.49176537392646,6752856,3083437
scales,303,17,2.9853112657860645,134.49176537392646,6752856,3083437
verifiable,216,12,2.983408601427349,96.29822431897517,6752856,3083437
tangent,181,10,2.980549891692339,80.89290394260377,6752856,3083437
planes,784,45,2.97687657324475,344.41680248492094,6752856,3083437
sea,2207,128,2.971614749817299,964.9250992111126,6752856,3083437
cylinder,128,7,2.9677755300607083,57.463802670060616,6752856,3083437
ice,2489,145,2.9658065336331143,1085.9728099620675,6752856,3083437
midnight,280,16,2.956504417725688,123.25680496198746,6752856,3083437
feet,2215,130,2.95455219139141,963.0833442729861,6752856,3083437
mapped,160,9,2.9475435501540663,70.93679363494269,6752856,3083437
mountains,683,40,2.945989101196784,297.2662067279674,6752856,3083437
debunk,311,18,2.9426765638704007,136.10232573346832,6752856,3083437
firmament,495,29,2.9391397742999956,215.40628364206736,6752856,3083437
finite,360,21,2.9366322710140733,156.97478825189032,6752856,3083437
beams,259,15,2.9344359944463543,113.31199446190124,6752856,3083437
testable,158,9,2.9294530931711704,69.65258194971057,6752856,3083437
amateur,357,21,2.9245762534390027,155.0596654409808,6752856,3083437
shadows,656,39,2.9239120291911327,283.5067147269865,6752856,3083437
demonstration,306,18,2.919331474537181,132.9082846636977,6752856,3083437
sailed,107,6,2.916794707923717,47.50551010859422,6752856,3083437
south,4522,273,2.9165493411913954,1940.0367540163224,6752856,3083437
wallace,206,12,2.9151833581200695,89.88242544924717,6752856,3083437
ball,1940,117,2.914737347695797,832.7144167886474,6752856,3083437
lake,453,27,2.9126406034792116,195.53936190182094,6752856,3083437
simplest,271,16,2.9094558449212564,117.50299227103433,6752856,3083437
predictions,746,45,2.9052453864111936,320.17706895448157,6752856,3083437
velocity,1516,92,2.9041898985832075,648.7728399401465,6752856,3083437
foreground,106,6,2.9033114785600946,46.86290057252649,6752856,3083437
zealand,220,13,2.898788919869401,95.35165887967388,6752856,3083437
relativistic,138,8,2.8953209012741974,60.34778720538918,6752856,3083437
flashlight,138,8,2.8953209012741974,60.34778720538918,6752856,3083437
approximation,203,12,2.894070370966871,87.96788636445572,6752856,3083437
hull,268,16,2.8934257351023076,115.59235716291556,6752856,3083437
edges,333,20,2.89303252304185,143.21861724673164,6752856,3083437
disprove,706,43,2.8906438309605598,301.603955372128,6752856,3083437
travelling,478,29,2.8887736415995326,204.58723136616922,6752856,3083437
ballistic,121,7,2.886963484472611,52.964222352943096,6752856,3083437
rover,136,8,2.874335876144862,59.07034873942122,6752856,3083437
inverse,136,8,2.874335876144862,59.07034873942122,6752856,3083437
northern,1275,79,2.8730058047934657,540.1396161845634,6752856,3083437
hypothesis,1525,95,2.8666792130182563,644.3376260430897,6752856,3083437
rim,167,10,2.8647414390417234,71.92718134812648,6752856,3083437
foucault,135,8,2.863727776578881,58.43284924927991,6752856,3083437
measure,2046,128,2.8623599787245553,862.6462329521689,6752856,3083437
theory,7906,498,2.8564153595278414,3322.050261858408,6752856,3083437
simulate,166,10,2.8561025207678505,71.2916060411429,6752856,3083437
shapes,245,15,2.854424480403167,104.4001610349234,6752856,3083437
detect,403,25,2.8530410977816336,170.6262952428262,6752856,3083437
compression,118,7,2.850894229765089,51.04911461467785,6752856,3083437
north,4666,295,2.8501524365533544,1957.0019628372856,6752856,3083437
gradient,212,13,2.845473105336944,90.26904314026882,6752856,3083437
photography,149,9,2.845115737229868,63.908412648818086,6752856,3083437
approx,133,8,2.842274666912563,57.160348801848784,6752856,3083437
brighter,133,8,2.842274666912563,57.160348801848784,6752856,3083437
atmosphere,2561,163,2.83866792743183,1070.5274057422937,6752856,3083437
coast,618,39,2.8378906132746153,259.4395407654288,6752856,3083437
hoc,148,9,2.8354331838325293,63.27386729653624,6752856,3083437
molten,132,8,2.831427284675571,56.52537224183665,6752856,3083437
observing,397,25,2.831427284675571,166.84044291985802,6752856,3083437
continuous,319,20,2.8311616928042596,134.3548430813275,6752856,3083437
physicist,163,10,2.829870979194671,69.38902001137546,6752856,3083437
apollo,473,30,2.8255248543808476,198.06767409707163,6752856,3083437
phd,131,8,2.8204977245173115,55.89126150614349,6752856,3083437
totality,131,8,2.8204977245173115,55.89126150614349,6752856,3083437
deflection,146,9,2.8158709174540113,62.00711089186305,6752856,3083437
frequencies,115,7,2.813900022282888,49.142551859391666,6752856,3083437
hypotheses,237,15,2.8066289693067836,99.34851861344978,6752856,3083437
coordinates,436,28,2.805989405940047,181.42740243536184,6752856,3083437
mars,660,43,2.793512831873448,272.62059817586373,6752856,3083437
sizes,250,16,2.7933142503121036,104.21104365033582,6752856,3083437
lit,523,34,2.792562846627988,216.27396543265314,6752856,3083437
oceans,401,26,2.7903772994294638,166.04924238147532,6752856,3083437
path,2001,132,2.7860589274123257,821.2219956034515,6752856,3083437
reflected,324,21,2.7848514897723895,134.18899614894553,6752856,3083437
mathematics,459,30,2.782225290201497,189.28355102707476,6752856,3083437
planets,2153,143,2.7766022580415193,880.4525857298804,6752856,3083437
kg,247,16,2.7759321720838672,102.32875804419558,6752856,3083437
geographic,187,12,2.7759321720838672,77.84428508179916,6752856,3083437
magnitude,411,27,2.7724304833723146,169.0420883678244,6752856,3083437
speed,3856,258,2.7680975017152263,1570.7903081368122,6752856,3083437
believers,544,36,2.768005256312238,222.8913579903059,6752856,3083437
travelled,171,11,2.767544386591148,71.09572484622761,6752856,3083437
galactic,156,10,2.766743000629207,64.97488736902483,6752856,3083437
crescent,155,10,2.757494923827191,64.34731192745063,6752856,3083437
triangles,155,10,2.757494923827191,64.34731192745063,6752856,3083437
formula,1068,72,2.750503679120225,433.3244289284206,6752856,3083437
thrust,331,22,2.750053540258262,135.3103429953644,6752856,3083437
location,1804,122,2.7497870653700107,730.7220684050251,6752856,3083437
bottom,1533,104,2.7442948956614854,619.9066965337581,6752856,3083437
conservation,212,14,2.742379612372841,86.95739445347104,6752856,3083437
dime,168,11,2.742084401600194,69.21632089117863,6752856,3083437
fusion,329,22,2.741323135153726,134.06404427750158,6752856,3083437
traveled,270,18,2.739072994673214,110.19845801591774,6752856,3083437
equilibrium,109,7,2.7369380404680035,45.35685060884046,6752856,3083437
radial,138,9,2.7348562290809517,56.972786013508625,6752856,3083437
methodology,166,11,2.724857987489598,67.9670291621791,6752856,3083437
precession,166,11,2.724857987489598,67.9670291621791,6752856,3083437
phenomenon,830,57,2.7213878834933496,333.42960912942203,6752856,3083437
light,9540,664,2.712765349058282,3804.513815978865,6752856,3083437
debunked,308,21,2.7119035009226686,124.21268362540812,6752856,3083437
proportional,221,15,2.7060081546434915,89.34394557006038,6752856,3083437
proponent,135,9,2.703263104385635,55.09922900795887,6752856,3083437
above,6697,472,2.694278018096655,2652.324129898864,6752856,3083437
focal,148,10,2.6910432744973543,59.97674726427151,6752856,3083437
beach,529,37,2.6887097599718044,210.3956703439618,6752856,3083437
tesla,345,24,2.686873632748399,137.6241779695608,6752856,3083437
beam,485,34,2.683844605116372,192.65300745200318,6752856,3083437
maxwell,133,9,2.6818099947193175,53.854799311967874,6752856,3083437
directions,792,56,2.6791297390869304,313.10649020636794,6752856,3083437
bend,453,32,2.6716325039754167,179.18184473856564,6752856,3083437
navigate,241,17,2.6556379383661555,95.40203881052261,6752856,3083437
comet,144,10,2.6516498361972674,57.497866313642035,6752856,3083437
expedition,157,11,2.6446876388056144,62.38333361202352,6752856,3083437
razor,239,17,2.6436404052665625,94.17133539357599,6752856,3083437
disc,731,53,2.6422886442126887,284.93145433931693,6752856,3083437
cone,102,7,2.6416310803722762,40.99096480054088,6752856,3083437
deviation,143,10,2.6416310803722762,56.88037111553405,6752856,3083437
center,1878,137,2.641119168705098,729.4445933928678,6752856,3083437
bending,606,44,2.6376719806294613,236.01557740552272,6752856,3083437
airplanes,278,20,2.6330230891972968,108.83931591681593,6752856,3083437
circles,602,44,2.628125576626275,233.5692042233369,6752856,3083437
ross,101,7,2.6274868980520063,40.372121787740056,6752856,3083437
images,1667,123,2.6241453909626187,643.2473964027861,6752856,3083437
cosmology,167,12,2.613202672045759,65.42626203742097,6752856,3083437
ratio,287,21,2.610194967604988,111.28178064241915,6752856,3083437
debunking,153,11,2.607574465788515,59.92295634443466,6752856,3083437
islands,206,15,2.604843237507919,80.09830936377479,6752856,3083437
shills,112,8,2.5953599264420464,44.02673647473348,6752856,3083437
conclusively,112,8,2.5953599264420464,44.02673647473348,6752856,3083437
physics,1976,149,2.5937721420968574,752.8318241792153,6752856,3083437
vanish,124,9,2.5811159950998444,48.30373478000964,6752856,3083437
musk,123,9,2.5694812946164407,47.692191703893926,6752856,3083437
h,511,39,2.5638512580435746,193.2879581858749,6752856,3083437
trajectory,277,21,2.559120783010719,105.19616786002466,6752856,3083437
canal,134,10,2.5481865162532125,51.365605969449405,6752856,3083437
periodic,108,8,2.543129967669489,41.579521207014864,6752856,3083437
airplane,542,42,2.5431299676694885,203.13801430077314,6752856,3083437
bodies,1584,124,2.5388515887895013,589.9905044883352,6752856,3083437
container,184,14,2.538537587408173,69.72689869643844,6752856,3083437
dilation,145,11,2.5303549633266194,55.04503758987083,6752856,3083437
verify,637,50,2.5271116254697743,236.8713807597323,6752856,3083437
constellation,132,10,2.52657270314715,50.1511395208055,6752856,3083437
precision,346,27,2.5243934050879027,129.12562265606604,6752856,3083437
ceiling,207,16,2.5216149833511823,77.70184014149555,6752856,3083437
size,3154,251,2.517822622122757,1162.846257211401,6752856,3083437
layer,343,27,2.511848151768789,127.32167363832455,6752856,3083437
plates,243,19,2.5114173196954424,90.57642134853657,6752856,3083437
phase,455,36,2.510524261397382,168.3615125730667,6752856,3083437
decreases,155,12,2.5059561568312265,58.125578816595315,6752856,3083437
index,204,16,2.500604490058644,75.89502657864948,6752856,3083437
metres,142,11,2.50029772947044,53.23152664683511,6752856,3083437
spins,142,11,2.50029772947044,53.23152664683511,6752856,3083437
shaped,351,28,2.493532441383142,129.21644051293177,6752856,3083437
pressure,1891,153,2.492261792154545,689.9595709298449,6752856,3083437
tubes,153,12,2.487280232070803,56.92126993398705,6752856,3083437
pacific,299,24,2.4807439251489263,109.64587809979778,6752856,3083437
frequency,360,29,2.4802539763543296,131.71694297458973,6752856,3083437
traveling,641,52,2.4801015138989086,233.48643136063274,6752856,3083437
universal,885,72,2.4794809832123286,321.77595477090904,6752856,3083437
spheres,176,14,2.474584954618957,64.90768870888567,6752856,3083437
paths,468,38,2.4741602734396344,170.3724792006626,6752856,3083437
obstacle,163,13,2.4673008998099624,60.014731059473874,6752856,3083437
launched,308,25,2.4657429136532714,112.14990638930992,6752856,3083437
heights,271,22,2.4619968679500355,98.66807241150286,6752856,3083437
motions,283,23,2.4616576497399403,102.96333735434598,6752856,3083437
bing,548,45,2.4605947466798455,198.06011491318654,6752856,3083437
motion,1741,144,2.460230651561393,626.3099740300863,6752856,3083437
cruise,198,16,2.4576426542598533,72.30083857973685,6752856,3083437
gases,197,16,2.4503563001813604,71.70440861273981,6752856,3083437
direction,2852,238,2.4492072916458816,1020.0478835487701,6752856,3083437
merge,149,12,2.4491870608987294,54.52415893437985,6752856,3083437
lamp,172,14,2.4415131330133084,62.51790019149465,6752856,3083437
seas,148,12,2.43950450750139,53.92735067511771,6752856,3083437
sr,136,11,2.4382367613381883,49.632234010225,6752856,3083437
tfes,491,41,2.4350497514690046,175.5385056300093,6752856,3083437
variable,254,21,2.434298667848946,91.39867556534841,6752856,3083437
distorted,348,29,2.4314133729819303,124.5801029904728,6752856,3083437
effect,4753,402,2.430971048576759,1684.9770929480906,6752856,3083437
disproved,147,12,2.4297565309498275,53.33155595081328,6752856,3083437
upside,194,16,2.428273802103087,69.91972458182445,6752856,3083437
documentation,311,26,2.424209474936151,111.10061182891907,6752856,3083437
laboratory,181,15,2.4186710040842243,65.03055149653451,6752856,3083437
peer,368,31,2.417282462070502,130.8066003077593,6752856,3083437
invalid,251,21,2.417191411578778,89.62134270008153,6752856,3083437
approximately,496,42,2.4153005478660208,175.6990937547857,6752856,3083437
lengths,262,22,2.4133620926991592,93.32593212716372,6752856,3083437
heavenly,133,11,2.4061755521058896,47.84724311646817,6752856,3083437
proof,3939,340,2.4013274080620675,1377.4857263442232,6752856,3083437
theories,1621,140,2.397728564710229,566.6479148568158,6752856,3083437
solar,3546,307,2.396779208503555,1237.5226970921653,6752856,3083437
predicted,729,63,2.3911210576210737,254.7276364448209,6752856,3083437
speeds,579,50,2.3894949447300258,202.41615240646033,6752856,3083437
relative,1357,118,2.3870348102688137,472.1701134375741,6752856,3083437
aligned,234,20,2.3849336843726414,82.37619104193395,6752856,3083437
q&a,108,9,2.382665295476243,38.662790583250185,6752856,3083437
burden,654,57,2.3778009074762143,227.2042531115685,6752856,3083437
refute,231,20,2.3663579551175014,80.61464320126183,6752856,3083437
receiver,219,19,2.3617164871484584,76.32021432307015,6752856,3083437
scientifically,162,14,2.3553564892635936,56.60614143218237,6752856,3083437
masses,598,53,2.3527820270177036,205.3611470058229,6752856,3083437
explain,5465,489,2.3500142954499403,1864.2729584456836,6752856,3083437
laser,930,83,2.347199624060448,317.8269500915126,6752856,3083437
heavier,172,15,2.345297817754005,59.72900897008828,6752856,3083437
route,924,83,2.3378667934054924,314.34261729281684,6752856,3083437
railroad,160,14,2.3374900684700797,55.43521827475622,6752856,3083437
equation,923,83,2.3363054349837347,313.762517427283,6752856,3083437
shining,215,19,2.3351834167021983,73.98280035109215,6752856,3083437
camera,2219,201,2.3304245412724747,750.4383285642159,6752856,3083437
positioned,104,9,2.3284731951126463,36.305899172046914,6752856,3083437
needle,159,14,2.3284731951126463,54.85125936452397,6752856,3083437
planetary,279,25,2.3233207073470434,95.08009382179372,6752856,3083437
tide,235,21,2.3223600713860337,80.23900304531405,6752856,3083437
fora,454,41,2.322138629322531,153.86672511480452,6752856,3083437
radar,705,64,2.3203165936493586,238.05025535285003,6752856,3083437
believer,311,28,2.319239915334609,105.63100278927813,6752856,3083437
appear,2965,271,2.318292845121351,996.3011333822419,6752856,3083437
illusions,125,11,2.317023174369108,43.139096517812305,6752856,3083437
bouncing,125,11,2.317023174369108,43.139096517812305,6752856,3083437
impossibility,103,9,2.3146010205310885,35.7204368129683,6752856,3083437
corresponding,103,9,2.3146010205310885,35.7204368129683,6752856,3083437
estimate,364,33,2.3127273903445134,123.02489867281868,6752856,3083437
alignment,168,15,2.311450047270332,57.396589701947406,6752856,3083437
sight,884,81,2.3090317549347295,296.5075931672281,6752856,3083437
assumptions,871,80,2.3054815524864165,291.64380112341587,6752856,3083437
aristotle,145,13,2.299029417220164,49.39520482175889,6752856,3083437
dot,209,19,2.294445791312452,70.49948013047245,6752856,3083437
explained,1734,161,2.293955347067806,576.0620733960375,6752856,3083437
tables,219,20,2.2895667013926233,73.63215495832407,6752856,3083437
infinite,1236,115,2.2893390594492287,409.9956901226507,6752856,3083437
simulations,133,12,2.285881318388178,45.10481974279672,6752856,3083437
space,7998,753,2.277091628856401,2630.053173871537,6752856,3083437
reflecting,164,15,2.276789039823715,55.07978731029598,6752856,3083437
pictures,1521,143,2.275413268314257,500.68109151800354,6752856,3083437
samuel,238,22,2.2750339361511855,79.32372944668163,6752856,3083437
launch,821,77,2.2750339361511855,270.7429581110024,6752856,3083437
scientific,2720,257,2.2702690674646187,892.0762808252952,6752856,3083437
asserting,163,15,2.267992091586556,54.50311226210555,6752856,3083437
centre,647,61,2.265263453710025,212.53675272080008,6752856,3083437
â»,110,10,2.26462671308802,37.10498954235393,6752856,3083437
statute,151,14,2.254234564820728,50.21730491071071,6752856,3083437
tan,109,10,2.251511213297762,36.527547529256914,6752856,3083437
length,1269,122,2.242448317120284,410.8148605019625,6752856,3083437
mechanisms,129,12,2.241993674387178,42.7971410889814,6752856,3083437
lines,3432,331,2.2412205213972243,1108.3685100358045,6752856,3083437
edge,1686,163,2.235711353995393,543.4968156902344,6752856,3083437
tests,520,50,2.234584447022971,168.32013745989462,6752856,3083437
filter,221,21,2.233939710328269,72.17554277598421,6752856,3083437
gears,210,20,2.2291659949236613,68.46695497183327,6752856,3083437
cosmic,179,17,2.2275985933534335,58.48217490452743,6752856,3083437
error,1376,134,2.2243681085142857,441.11005899059006,6752856,3083437
clocks,158,15,2.2231842962278807,51.63549558404418,6752856,3083437
meter,260,25,2.2217557967823613,84.16006872994731,6752856,3083437
image,2832,277,2.2205578559457586,904.8186184761493,6752856,3083437
frames,229,22,2.219538823559482,74.17459814402781,6752856,3083437
sideways,137,13,2.217441882723902,44.78882122941666,6752856,3083437
vessel,106,10,2.2114337739224266,34.80458386333169,6752856,3083437
shrink,187,18,2.210334996229642,60.48154590710429,6752856,3083437
sail,166,16,2.2040258241881574,53.63508379276548,6752856,3083437
gr,346,34,2.1972286618343935,110.15077295190345,6752856,3083437
deck,115,11,2.197228661834393,37.37187236555995,6752856,3083437
accurate,2765,275,2.196457694620116,872.0254578423524,6752856,3083437
skies,135,13,2.1963031156657515,43.6495393818534,6752856,3083437
disappears,215,21,2.194320880862349,68.76586765658573,6752856,3083437
constant,1734,173,2.19055384918347,545.5263678796191,6752856,3083437
travel,2591,259,2.189022526502167,813.9101247185225,6752856,3083437
arc,673,67,2.1877601148868213,212.0889264154985,6752856,3083437
molecules,224,22,2.1877601148868213,71.34047765334778,6752856,3083437
inclination,114,11,2.18468340851528,36.803108530288725,6752856,3083437
moves,1028,103,2.181880697500957,322.33232896286955,6752856,3083437
accounted,193,19,2.1798291137575108,61.35557371890568,6752856,3083437
discrepancy,183,18,2.1792244636896116,58.21546646298455,6752856,3083437
summer,569,57,2.1771035572390853,178.43802639560676,6752856,3083437
mm,361,36,2.177068854546449,113.61415731724364,6752856,3083437
relation,419,42,2.17217764077747,131.33295899591016,6752856,3083437
zeteticism,172,17,2.170211111195914,54.51114376012213,6752856,3083437
positioning,103,10,2.1702111111959135,33.09626447896858,6752856,3083437
microwave,152,15,2.167510698538722,48.23074120263098,6752856,3083437
atlantic,152,15,2.167510698538722,48.23074120263098,6752856,3083437
elephant,191,19,2.1648399395380573,60.22857433129725,6752856,3083437
bishop,1112,113,2.1620827099255564,344.77602247195847,6752856,3083437
derail,151,15,2.1580192495614243,47.667334424428155,6752856,3083437
blount,102,10,2.1562042532020347,32.530219900676855,6752856,3083437
exhaust,219,22,2.1552656096810323,68.52632395881486,6752856,3083437
signal,667,68,2.153633520089738,206.26522002705087,6752856,3083437
aircraft,948,97,2.1512152261372135,292.3038237749938,6752856,3083437
rising,510,52,2.1505632096870277,157.69940030334573,6752856,3083437
empirically,121,12,2.149997890306405,38.246459602811676,6752856,3083437
scientists,1374,141,2.1490745251564194,422.65528151266227,6752856,3083437
ghosts,169,17,2.144900022666726,52.82473813592952,6752856,3083437
mechanism,574,59,2.1403868958135184,176.3345933386842,6752856,3083437
varies,293,30,2.1355209320225144,90.29407685035622,6752856,3083437
geography,110,11,2.1333821798097676,34.54375797437597,6752856,3083437
aviation,110,11,2.1333821798097676,34.54375797437597,6752856,3083437
tokyo,129,13,2.130962361998434,40.26353757301388,6752856,3083437
findings,244,25,2.130306889456087,75.15219672244352,6752856,3083437
field,1996,208,2.1283953596637333,606.3326749363812,6752856,3083437
objections,185,19,2.118914734233903,56.870624878166396,6752856,3083437
flies,204,21,2.118733854715,62.59340953970572,6752856,3083437
inaccurate,451,47,2.1177681456252593,136.99721086887482,6752856,3083437
disappear,488,51,2.1147558012605154,147.8908007911939,6752856,3083437
viewed,431,45,2.114463685455607,130.71980176228044,6752856,3083437
science,4874,515,2.110251486320775,1463.6649448927772,6752856,3083437
winds,250,26,2.1097879151073577,76.06866348236795,6752856,3083437
contradicts,277,29,2.1027424883509758,83.82356363369318,6752856,3083437
assertions,238,25,2.0944616905093647,71.82328411607327,6752856,3083437
precise,462,49,2.092994511799414,138.3027307840923,6752856,3083437
string,574,61,2.0926901537822222,171.54372834188024,6752856,3083437
variations,424,45,2.090867679829691,126.85541115219111,6752856,3083437
correction,228,24,2.0903820874182104,68.68526790899709,6752856,3083437
demonstrate,834,89,2.089994038573691,248.37420686880887,6752856,3083437
boat,534,57,2.085597663251464,158.99704339734149,6752856,3083437
videos,1744,188,2.0792187454010587,514.943578191994,6752856,3083437
craft,355,38,2.0759607853998627,105.44891391812727,6752856,3083437
prediction,474,51,2.0728053263132398,140.1815405580271,6752856,3083437
objection,262,28,2.0723251748640923,77.93035703842739,6752856,3083437
predict,961,104,2.070825491734363,282.8020603138092,6752856,3083437
momentum,500,54,2.068083510534416,147.39696354925002,6752856,3083437
tom,4897,533,2.0675268928058728,1433.9999283748887,6752856,3083437
apparent,1178,128,2.066153070531638,345.45854491469055,6752856,3083437
alaska,178,19,2.0634196216422,52.999014465780505,6752856,3083437
accurately,772,84,2.0615532629849014,226.12726816265518,6752856,3083437
pattern,532,58,2.0553145720051447,155.56405828322156,6752856,3083437
variation,368,40,2.054712382685794,107.88755883664213,6752856,3083437
upper,722,79,2.0530123985790345,210.46092984231825,6752856,3083437
corona,122,13,2.0507920133144504,36.37817893993838,6752856,3083437
terminator,203,22,2.0460734644119207,59.665846390806514,6752856,3083437
smaller,1463,162,2.0399526989682824,422.0380645009886,6752856,3083437
astronaut,211,23,2.038966577917661,61.70799844828643,6752856,3083437
refuted,121,13,2.038966577917661,35.82925307910099,6752856,3083437
surfaces,112,12,2.038966577917661,33.24189362864639,6752856,3083437
outline,112,12,2.038966577917661,33.24189362864639,6752856,3083437
water,4483,499,2.0351103910821813,1287.3056992330394,6752856,3083437
m,2241,250,2.030623567330829,642.242441486799,6752856,3083437
vector,272,30,2.0284166585767514,78.7379721296098,6752856,3083437
calendar,182,20,2.0232422256246445,52.85420890878978,6752856,3083437
proposed,475,53,2.020876120934765,136.1056547360243,6752856,3083437
chart,306,34,2.0202603833879613,88.00728422476895,6752856,3083437
navy,341,38,2.017996804070538,97.81986956857901,6752856,3083437
b),119,13,2.0150208822926285,34.736237685544296,6752856,3083437
explains,958,108,2.0121249656990203,271.9918199854658,6752856,3083437
increases,383,43,2.0091808481295534,109.14146871867243,6752856,3083437
bobby,277,31,2.0081056142129006,79.16036436981013,6752856,3083437
tall,434,49,2.0028973232101395,123.05471117127449,6752856,3083437
particles,529,60,1.9986652131930907,149.37310977173442,6752856,3083437
conclusions,598,68,1.996216930458324,168.46598592489357,6752856,3083437
hydrogen,335,38,1.9924239919806308,94.58505815101287,6752856,3083437
air,3324,384,1.981123450853335,923.0025686026548,6752856,3083437
straight,3425,396,1.9799633905496772,950.3126084300462,6752856,3083437
method,1842,213,1.9783982208372903,511.0277275863769,6752856,3083437
compute,116,13,1.9783402189661605,33.109197583569895,6752856,3083437
conclusive,159,18,1.9770008246112682,44.97319601289103,6752856,3083437
flew,202,23,1.9762308225696983,56.83907592009584,6752856,3083437
sink,270,31,1.9712464368022475,75.3980233309848,6752856,3083437
earthquakes,124,14,1.9710625134158577,35.158488906078375,6752856,3083437
reference,1735,203,1.9612922420377479,476.1153272841527,6752856,3083437
maximum,336,39,1.959723522908563,92.89283798780183,6752856,3083437
boundary,157,18,1.9587962292336778,43.900303500400085,6752856,3083437
fly,1398,164,1.9567623412162989,382.6948087153546,6752856,3083437
line,5713,672,1.9558101923158584,1559.9570163430437,6752856,3083437
theoretical,377,44,1.9536409797213923,103.69720066406086,6752856,3083437
derive,114,13,1.953357862408824,32.03314630193585,6752856,3083437
bounce,241,28,1.9520309411463803,66.56940990383791,6752856,3083437
detected,232,27,1.9487687689460826,63.98284387050967,6752856,3083437
hill,401,47,1.9484421456617156,109.86233721676355,6752856,3083437
landing,536,63,1.9477912504597048,146.46123896573346,6752856,3083437
towers,333,39,1.9468037794828308,91.29784840249368,6752856,3083437
senses,400,47,1.9448444005531111,109.33203609071093,6752856,3083437
falcon,113,13,1.940702561602795,31.49779973382374,6752856,3083437
demonstrated,617,73,1.9396645581110243,167.54993563744497,6752856,3083437
drawing,465,55,1.9372630676840366,126.30866558918345,6752856,3083437
occurs,423,50,1.9370482530557527,114.97025385479901,6752856,3083437
engineers,196,23,1.932838227056318,53.63827528953857,6752856,3083437
verification,104,12,1.9325445187815067,28.910543238396627,6752856,3083437
patterns,446,53,1.9300909551954246,120.61131175469959,6752856,3083437
facing,429,51,1.929055370430594,115.97034727271652,6752856,3083437
layers,262,31,1.9279352655289173,71.14410176257229,6752856,3083437
imaginary,203,24,1.9232167166263874,55.164571469292426,6752856,3083437
mountain,858,103,1.9212289429781575,229.78557239371685,6752856,3083437
results,2417,291,1.920989677639056,645.4932081001492,6752856,3083437
invisible,301,36,1.9152312094954163,80.90055627591411,6752856,3083437
predicting,144,17,1.914684242031061,39.18509056948685,6752856,3083437
refrain,342,41,1.9139623229763132,91.71299822573786,6752856,3083437
closer,1410,171,1.908967760888108,373.91298426513066,6752856,3083437
stellar,209,25,1.907422668203205,56.166323323733124,6752856,3083437
greeks,266,32,1.9046654862060701,71.09391523602774,6752856,3083437
lapse,143,17,1.9046654862060701,38.656782424238784,6752856,3083437
liquid,282,34,1.9026241769997296,75.20928830224048,6752856,3083437
experimentation,224,27,1.8982534976918362,59.75588098967812,6752856,3083437
publish,175,21,1.8981040420778115,46.885201114012574,6752856,3083437
underneath,183,22,1.8968247329888868,48.942704947725986,6752856,3083437
proved,615,75,1.896251883634727,162.20877073338133,6752856,3083437
moving,2721,334,1.893365496558982,713.089183560728,6752856,3083437
static,230,28,1.8847745027399452,60.7668519817228,6752856,3083437
emitted,141,17,1.8844168023622647,37.60464415112024,6752856,3083437
proving,521,64,1.8843377635718603,136.43722070965472,6752856,3083437
wave,851,105,1.881805107446706,221.8841154597117,6752856,3083437
tracking,277,34,1.8768610809346482,72.59615247304555,6752856,3083437
prove,3951,492,1.8732463549622151,1020.7372642857355,6752856,3083437
definitive,171,21,1.864841587946063,44.7928630369236,6752856,3083437
slowing,123,15,1.863212497673151,32.44175414667628,6752856,3083437
shrinking,115,14,1.8628096227638342,30.3834259908614,6752856,3083437
cheers,107,13,1.8623469239013402,28.325184932569094,6752856,3083437
unknown,678,85,1.857394067008305,173.97421648550613,6752856,3083437
proves,868,109,1.8566365555845683,222.3559930837075,6752856,3083437
instrument,249,31,1.8546576583126928,64.34314730614778,6752856,3083437
derived,288,36,1.8516445262408139,74.12056224520241,6752856,3083437
weight,951,120,1.8502120865194092,242.42802522144328,6752856,3083437
stays,254,32,1.8381956095225895,64.85336751545579,6752856,3083437
discovery,285,36,1.836563952958174,72.57407530839004,6752856,3083437
documented,355,45,1.8349526858960676,90.07518350051812,6752856,3083437
basics,222,28,1.833813088164367,56.61800014184972,6752856,3083437
scientist,540,69,1.8282513114864916,135.8938710313797,6752856,3083437
technologies,151,19,1.8268133410860512,38.60325896520634,6752856,3083437
relates,112,14,1.8248417725648136,28.824663095356524,6752856,3083437
decrease,205,26,1.8241157055938324,51.98638687882788,6752856,3083437
viewer,259,33,1.8225431143754571,65.37119428867231,6752856,3083437
i.e.,615,79,1.8217736676754506,153.92191011351704,6752856,3083437
insufficient,104,13,1.8215132063927628,26.765758588545342,6752856,3083437
transparent,212,27,1.8190008939757532,53.53210657805694,6752856,3083437
illustrate,165,21,1.8134642285804685,41.693032706367795,6752856,3083437
dynamics,165,21,1.8134642285804685,41.693032706367795,6752856,3083437
bubble,288,37,1.8126503946249504,72.07062198819423,6752856,3083437
behaves,103,13,1.8076410318112053,26.25017277657729,6752856,3083437
bridge,386,50,1.8051546976484012,95.76765036247207,6752856,3083437
beneath,248,32,1.8037758050091806,61.77999535085128,6752856,3083437
frame,1026,134,1.8010971260273265,252.3522436535813,6752856,3083437
appears,1757,230,1.7997276100059085,431.09340738506825,6752856,3083437
hologram,110,14,1.7989631407392084,27.795355137578525,6752856,3083437
uniform,277,36,1.7955609788327997,68.48513057945237,6752856,3083437
hidden,672,88,1.7948264838363377,164.8168501401442,6752856,3083437
linear,330,43,1.7946045421343122,81.36462200857275,6752856,3083437
approaches,178,23,1.794232988826811,44.27703550145206,6752856,3083437
misunderstanding,269,35,1.7934359197231722,66.42762770404268,6752856,3083437
tower,527,69,1.7931277873463887,129.27740536549177,6752856,3083437
match,1088,143,1.7922603419878673,265.80465559465694,6752856,3083437
approximate,185,24,1.7896071089809438,45.82610797898781,6752856,3083437
test,1637,216,1.7880975530607988,398.2580636882432,6752856,3083437
cube,290,38,1.7846493891849764,71.07890637724532,6752856,3083437
blur,124,16,1.7846493891849764,30.88999767542564,6752856,3083437
witnessed,184,24,1.7818087384205366,45.318460893791254,6752856,3083437
peak,229,30,1.7806545823262705,56.141557036258924,6752856,3083437
positions,582,77,1.7790314107427536,141.18523927002107,6752856,3083437
papers,311,41,1.777090498152426,75.7330696138732,6752856,3083437
errors,558,74,1.775286526496502,135.01761653363965,6752856,3083437
assumption,880,117,1.7747038237415573,212.34574450777964,6752856,3083437
nearby,168,22,1.7737932613275325,41.20421253503605,6752856,3083437
principle,752,100,1.7735376569434846,181.4233648500388,6752856,3083437
compressed,108,14,1.7726118137922562,26.77425953348131,6752856,3083437
asteroids,108,14,1.7726118137922562,26.77425953348131,6752856,3083437
australia,1380,184,1.772539743003022,331.9708449540379,6752856,3083437
continuously,160,21,1.769206308895554,39.147350637753576,6752856,3083437
reach,1137,152,1.768026973998521,272.73201383319514,6752856,3083437
accounting,115,15,1.766594307504531,28.324038058619536,6752856,3083437
contradict,249,33,1.7658483913548366,60.292165564658276,6752856,3083437
hi,494,66,1.76358585173327,118.57483622007862,6752856,3083437
flying,939,126,1.7617973532010942,224.32095803064323,6752856,3083437
combustion,129,17,1.7565668472169362,31.426131025085454,6752856,3083437
scale,1668,225,1.7563939244022873,396.18225344075364,6752856,3083437
square,646,87,1.754337024453274,153.70978815665677,6752856,3083437
lasers,136,18,1.7523453517662515,32.978176661887154,6752856,3083437
radio,932,126,1.7510079169236388,220.82437781711022,6752856,3083437
accepted,1003,136,1.7471093369181134,236.87113278063418,6752856,3083437
component,209,28,1.7469579960099588,50.01596391066384,6752856,3083437
ground,2454,334,1.7443926271999362,577.1260653490988,6752856,3083437
forums,436,59,1.7440616567968454,103.19615753821886,6752856,3083437
methods,722,98,1.7438435344070136,170.31320723598532,6752856,3083437
reflection,318,43,1.7412476428829207,75.32904338837452,6752856,3083437
lights,536,73,1.7368035923955063,125.96276689031018,6752856,3083437
fog,127,17,1.7341119963892402,30.420500377470646,6752856,3083437
east,2014,276,1.73411199638924,470.03115713664465,6752856,3083437
firstly,141,19,1.7282976004449828,33.52861733734867,6752856,3083437
sheet,119,16,1.7255142650976438,28.36611505882062,6752856,3083437
conditions,1122,155,1.7207705359732552,259.4920999849321,6752856,3083437
launches,198,27,1.7206770600936467,46.466492297311014,6752856,3083437
experimental,501,69,1.7202063943640218,116.27086821871649,6752856,3083437
trip,529,73,1.7178561056313209,122.49580564426441,6752856,3083437
evidence,10759,1499,1.7120991857605488,2464.325382039577,6752856,3083437
conducted,254,35,1.710816303046362,58.913528271679425,6752856,3083437
regions,175,24,1.709658952664701,40.80767293552226,6752856,3083437
consistent,954,133,1.7069470321917324,218.35399257767128,6752856,3083437
commercial,424,59,1.7038445567204439,97.25546762678941,6752856,3083437
ruler,110,15,1.7027478254799053,25.81471794295056,6752856,3083437
crux,110,15,1.7027478254799053,25.81471794295056,6752856,3083437
layout,152,21,1.6954422542234995,35.150627547267725,6752856,3083437
opposite,1506,212,1.6947075030447476,340.8685726253659,6752856,3083437
answers,1208,170,1.694415405216759,273.51325661754873,6752856,3083437
outlined,116,16,1.6888336017711756,26.875450334929738,6752856,3083437
forum,2107,298,1.6887713710399883,474.29990303625846,6752856,3083437
metric,123,17,1.6881257911150598,28.431776698422773,6752856,3083437
conjecture,151,21,1.6859508052462018,34.65802482864466,6752856,3083437
youtube,1067,151,1.6858879475102506,240.02066120747895,6752856,3083437
floating,333,47,1.6807289193289858,75.14133453329283,6752856,3083437
picture,2008,286,1.6785529937639108,448.310431155331,6752856,3083437
cycles,157,22,1.6763964985329531,35.72403277438005,6752856,3083437
noticeable,164,23,1.6763964985329531,37.28105545381825,6752856,3083437
hong,101,14,1.676396498532953,23.26941686489053,6752856,3083437
cosmos,115,16,1.6763964985329527,26.38269763403503,6752856,3083437
heading,261,37,1.6708900222264091,58.593565769066146,6752856,3083437
friction,254,36,1.6707388636710268,57.036285993603784,6752856,3083437
oxygen,233,33,1.6702311257272382,52.364465874229275,6752856,3083437
mirrors,128,18,1.6652127600402769,29.00624913473989,6752856,3083437
asserted,107,15,1.6630381156779337,24.335027138530116,6752856,3083437
thermal,197,28,1.6618604053750723,44.09112035581345,6752856,3083437
conspiracy,2698,389,1.661504030386318,593.7022471473377,6752856,3083437
fooled,127,18,1.6539416477052569,28.518142996801892,6752856,3083437
force,4452,647,1.6507050898904136,970.4021461965622,6752856,3083437
inquiry,140,20,1.6459158920781913,31.146657600338585,6752856,3083437
describes,345,50,1.6433719941118123,75.44983316923344,6752856,3083437
dr.,493,72,1.6360387609168119,106.82158918703618,6752856,3083437
west,1847,271,1.6355918377045005,397.9465100525114,6752856,3083437
blindly,173,25,1.6354080870821142,37.96587174387192,6752856,3083437
assert,234,34,1.6339612322125563,51.01715466409806,6752856,3083437
assumes,253,37,1.6260648229828083,54.72796289633844,6752856,3083437
moreover,111,16,1.6255473570371999,24.433284432581914,6752856,3083437
fake,2557,378,1.6254106111223081,545.8744883777123,6752856,3083437
infinitely,273,40,1.6245885963832807,58.91939022370295,6752856,3083437
negligible,131,19,1.6225583469054026,28.62279185669651,6752856,3083437
debating,286,42,1.6220419690945518,61.55435177487024,6752856,3083437
stack,144,21,1.6177025042739295,31.256250622001126,6752856,3083437
landed,157,23,1.6136607431849903,33.89061898692871,6752856,3083437
reaches,210,31,1.6094380760418285,44.90997949757693,6752856,3083437
presented,1031,154,1.608106654457459,217.2899032080636,6752856,3083437
gauge,183,27,1.6073181157939018,39.16129659489985,6752856,3083437
dimensions,323,48,1.6067506362807287,68.5092814457771,6752856,3083437
level,4953,743,1.6050851812128597,1038.3014252941273,6752856,3083437
slight,408,61,1.6007193392817922,85.88790334219426,6752856,3083437
nearest,215,32,1.5982178225359924,45.51454535690178,6752856,3083437
reply,858,129,1.5979076127909289,179.3529268264694,6752856,3083437
conclude,354,53,1.597216407313718,74.39110864960156,6752856,3083437
data,3355,506,1.5969351594544854,698.5611531610491,6752856,3083437
shorter,314,47,1.5961021750236901,66.00518884243729,6752856,3083437
pi,241,36,1.5950963964311047,50.78888915734299,6752856,3083437
correct,3554,538,1.591669961472272,736.536750633098,6752856,3083437
a.,148,22,1.59150760094644,31.380291876298166,6752856,3083437
shines,161,24,1.5897220870540654,34.01727774253554,6752856,3083437
defined,635,96,1.5883328542122273,131.81665681384314,6752856,3083437
passes,312,47,1.5868983476938503,65.06034032319536,6752856,3083437
engines,246,37,1.5856667223573793,51.39840113850383,6752856,3083437
confirm,522,79,1.5854458481592386,108.21436254957749,6752856,3083437
sandokhan,259,39,1.5848515566561265,54.03641453980711,6752856,3083437
fes,889,135,1.5837433303886368,183.50160494612095,6752856,3083437
theorists,239,36,1.5830988633315115,49.843486205549056,6752856,3083437
thinker,147,22,1.5817596243948775,30.90611553629295,6752856,3083437
cloud,684,104,1.5805891756523656,140.96093860341213,6752856,3083437
a),101,15,1.5801811832736496,21.438850912659614,6752856,3083437
align,186,28,1.5791833825658448,38.81956592646929,6752856,3083437
researching,127,19,1.577992794471958,26.713160741056157,6752856,3083437
destination,166,25,1.5759946015751154,34.62663302017533,6752856,3083437
fuel,727,111,1.5749451143506903,149.0248840971239,6752856,3083437
faulty,120,18,1.5724775470763606,25.15782209952804,6752856,3083437
expanding,185,28,1.5714269389314104,38.34850364941016,6752856,3083437
appearing,243,37,1.5680008480618102,49.987232898983045,6752856,3083437
provide,2152,331,1.5679740386469672,436.9627248042209,6752856,3083437
discredit,204,31,1.5677186859171812,42.07134374822636,6752856,3083437
bright,546,84,1.562239825865069,110.83170552499251,6752856,3083437
atoms,313,48,1.56145036709026,63.798854741795424,6752856,3083437
rise,905,140,1.5571860872045908,182.39305936059822,6752856,3083437
module,157,24,1.5535397507474193,32.13307797019508,6752856,3083437
paper,1301,202,1.553223075107474,260.94626896556895,6752856,3083437
hello,349,54,1.5500058970738588,70.31842825957591,6752856,3083437
inconsistencies,118,18,1.548331459744658,24.216809845184553,6752856,3083437
theorist,105,16,1.5457466458240803,21.57810056919946,6752856,3083437
provided,1515,237,1.5428360100413676,300.87696784334224,6752856,3083437
atomic,162,25,1.5409121424196701,32.752819623829275,6752856,3083437
trips,130,20,1.5393955684271496,26.388501315474407,6752856,3083437
roughly,561,88,1.5345782387929523,111.01167710065289,6752856,3083437
plate,294,46,1.5320065891977779,58.374693250473726,6752856,3083437
thermodynamics,123,19,1.5320065891977777,24.836334294801517,6752856,3083437
threads,743,117,1.5307135619627676,146.27176785970065,6752856,3083437
view,3071,485,1.5304417590200774,602.2256455709697,6752856,3083437
shipping,205,32,1.5296683471285772,40.82934838626434,6752856,3083437
temperatures,186,29,1.5294303473687452,37.10272188738989,6752856,3083437
sciences,167,26,1.529138407257284,33.37618079215792,6752856,3083437
sets,628,99,1.5281858903522079,123.4502314575621,6752856,3083437
heavens,230,36,1.5278399580246695,45.64441698491473,6752856,3083437
projecting,110,17,1.5276611189218139,22.197516087006896,6752856,3083437
depicted,154,24,1.525794760264515,30.737597732873297,6752856,3083437
discussions,368,58,1.524197665987014,72.36150805026796,6752856,3083437
fallacious,116,18,1.5237743555006793,23.28477179759454,6752856,3083437
degree,1406,223,1.5228043926067307,274.13707871944393,6752856,3083437
pointing,1053,167,1.52199888994752,205.33038015032128,6752856,3083437
inch,210,33,1.5206288090839724,41.45666846939294,6752856,3083437
variables,279,44,1.5200126183521412,54.815725100460185,6752856,3083437
san,347,55,1.5154948777361126,67.71700138469322,6752856,3083437
plasma,109,17,1.5145456191315558,21.733926575472555,6752856,3083437
engineer,196,31,1.5101471552340389,38.359402214420065,6752856,3083437
mass,2858,458,1.5093062278140479,549.490166097586,6752856,3083437
tested,451,72,1.5077146639412726,87.16042417756361,6752856,3083437
viewing,482,77,1.5073023033565538,93.06759435572643,6752856,3083437
casts,102,16,1.5041275566223413,20.183941291027836,6752856,3083437
table,461,74,1.5000598936589615,88.43078831092173,6752856,3083437
ship,1792,291,1.4894469068641196,338.3047942173619,6752856,3083437
restored,107,17,1.4879514091198425,20.814217562358795,6752856,3083437
parameters,113,18,1.4861366981373139,21.90418188245197,6752856,3083437
slower,315,51,1.4840372442746794,59.71428099598086,6752856,3083437
validity,223,36,1.483348038778649,42.44405785990034,6752856,3083437
j,125,20,1.4830331258080371,24.084647590179245,6752856,3083437
draw,890,145,1.4826380346686838,167.25430339083448,6752856,3083437
window,583,95,1.4802015941469482,109.53381965999466,6752856,3083437
bay,210,34,1.4781935427635757,39.80952066398733,6752856,3083437
weather,826,135,1.477763544413791,154.54044325828494,6752856,3083437
zero,1185,194,1.4766951789711646,221.1852054521989,6752856,3083437
questions,2530,415,1.4755436687137262,470.94500585798573,6752856,3083437
larger,1030,169,1.473028902878261,191.6527638735975,6752856,3083437
resolution,452,74,1.4716470379837547,84.36498566821255,6752856,3083437
cruising,124,20,1.4714915039253462,23.63036978686567,6752856,3083437
presume,148,24,1.4686508531609064,27.99451247261306,6752856,3083437
showing,1505,248,1.4679665276377403,278.34074069347383,6752856,3083437
sharp,269,44,1.4674496082614563,50.27220887496949,6752856,3083437
crossing,184,30,1.4657812449728584,34.542235005569594,6752856,3083437
physicists,202,33,1.4647304837895632,37.816510958967946,6752856,3083437
adjust,208,34,1.4644206931418435,38.90797985791336,6752856,3083437
airport,153,25,1.4587110798740326,28.63524880746263,6752856,3083437
differ,165,27,1.458369269757907,30.818229191215124,6752856,3083437
replies,207,34,1.4574846459314665,38.45922985950254,6752856,3083437
underlying,225,37,1.457206509234849,41.73412833784567,6752856,3083437
mirror,350,58,1.4519474909025674,64.21390051047902,6752856,3083437
explaining,673,112,1.4507945207206148,122.72576380984731,6752856,3083437
scriptures,140,23,1.4488790450186377,26.003360173917237,6752856,3083437
assertion,461,77,1.4431040088468852,83.62500209799623,6752856,3083437
op,1131,190,1.439415258248919,203.4569156691499,6752856,3083437
drag,240,40,1.439084657360766,43.67200928865445,6752856,3083437
climb,133,22,1.4378844118332281,24.4646077232417,6752856,3083437
measures,222,37,1.437884411833228,40.39660859200546,6752856,3083437
matches,346,58,1.4353883990291578,62.43821054572611,6752856,3083437
cables,115,19,1.4353883990291576,21.189376193721543,6752856,3083437
topic,2537,428,1.4350822893227497,453.58267467895655,6752856,3083437
terrain,109,18,1.4343752704475723,20.09764481017251,6752856,3083437
descriptions,103,17,1.4332455170297076,19.005921477710626,6752856,3083437
contention,103,17,1.4332455170297076,19.005921477710626,6752856,3083437
slope,144,24,1.4292574148608193,26.203205573192662,6752856,3083437
demonstrates,250,42,1.4283174335328555,44.970037705189654,6752856,3083437
claim,5532,939,1.4270080557436673,980.1868269516083,6752856,3083437
solutions,361,61,1.4243789080872267,64.39002842326029,6752856,3083437
rapidly,161,27,1.423072217644614,29.035566076164493,6752856,3083437
interior,114,19,1.422843145710044,20.744204412110907,6752856,3083437
shown,1617,275,1.422683064784061,285.69099485613907,6752856,3083437
apologies,196,33,1.421337888276183,35.14446101596198,6752856,3083437
range,882,150,1.4208743678741893,155.83145173971224,6752856,3083437
causes,911,155,1.4203696523838805,160.85061779115938,6752856,3083437
propose,295,50,1.4178444139010862,52.38241358504533,6752856,3083437
asia,166,28,1.4155299293818693,29.68598231499528,6752856,3083437
duration,166,28,1.4155299293818693,29.68598231499528,6752856,3083437
distinguish,189,32,1.412727801617986,33.61259310941394,6752856,3083437
visual,509,87,1.4107688008088337,89.26256619628256,6752856,3083437
reviewed,229,39,1.4076111717120536,40.3760494547153,6752856,3083437
pilot,374,64,1.4066362295108457,65.47377397594438,6752856,3083437
cgi,570,98,1.403072833307654,99.08600687438829,6752856,3083437
claims,2498,431,1.4026713300322815,431.9374933307597,6752856,3083437
naked,383,66,1.3968419084770924,66.35001985783265,6752856,3083437
launching,135,23,1.396601766151583,23.789073188841847,6752856,3083437
obscure,198,34,1.3935123168401375,34.48333414521113,6752856,3083437
pete,582,101,1.3898198988318151,99.75682237651165,6752856,3083437
repeated,318,55,1.389775272381543,54.78568536106283,6752856,3083437
reject,312,54,1.388569631247872,53.69509407558927,6752856,3083437
dense,369,64,1.3872448751982458,63.302119992065045,6752856,3083437
claiming,1387,242,1.3854726955256893,235.78807897392636,6752856,3083437
confirmation,299,52,1.3812082515980117,51.08201850201789,6752856,3083437
published,704,123,1.3811302412003075,119.42832973476749,6752856,3083437
website,1166,204,1.381055135517799,197.38410918644888,6752856,3083437
dismiss,384,67,1.3790657673863445,65.27839137378675,6752856,3083437
mistaken,372,65,1.3767151902874224,63.09854299503888,6752856,3083437
hoax,514,90,1.3762229562861117,86.90431231645715,6752856,3083437
radiation,559,98,1.3749840779953664,94.33337158284618,6752856,3083437
totallackey,104,18,1.3669473429272816,17.898364691863122,6752856,3083437
wide,566,100,1.3639220311169358,94.37185114579356,6752856,3083437
contradiction,301,53,1.3635887819742865,50.452973072383244,6752856,3083437
directly,1990,353,1.3623903277572995,329.7312840220251,6752856,3083437
searched,109,19,1.3584264172142737,18.556783188354583,6752856,3083437
dismissed,255,45,1.3584264172142735,42.59543670985197,6752856,3083437
wind,792,141,1.3546504586702361,130.48462830262218,6752856,3083437
determine,878,157,1.348732034096446,143.65001116121056,6752856,3083437
los,147,26,1.345692266161353,24.4684137416478,6752856,3083437
continually,141,25,1.3412744773357357,23.37981085524082,6752856,3083437
holes,385,69,1.3406875536668754,62.76381231989471,6752856,3083437
depend,235,42,1.3392338899504301,38.47989094072461,6752856,3083437
drawn,451,81,1.3388955997251295,73.27541736211845,6752856,3083437
min,124,22,1.337190412213755,20.540179645644045,6752856,3083437
proven,1131,204,1.3371054128004922,182.50178695570185,6752856,3083437
pm,483,87,1.335202544119861,78.11010050502176,6752856,3083437
cross,715,129,1.3350412455154625,115.32514674446006,6752856,3083437
simpler,245,44,1.3328873598236441,39.809138840466424,6752856,3083437
depict,107,19,1.3318322072025606,17.700568905167064,6752856,3083437
video,4950,898,1.3310254122321057,791.3552519960031,6752856,3083437
lab,173,31,1.3305535055536932,28.21048218749123,6752856,3083437
discussed,484,88,1.3217888818074321,77.09820951563809,6752856,3083437
shifts,117,21,1.3192937683382506,19.028587530213535,6752856,3083437
agencies,406,74,1.3169845980882149,64.41484524486583,6752856,3083437
ranges,144,26,1.3160468044128282,23.198206290132525,6752856,3083437
graphic,133,24,1.3150276640476943,21.446063111893082,6752856,3083437
weigh,182,33,1.3147050397849558,29.121099420377803,6752856,3083437
barrier,111,20,1.31238947177757,17.941829773085416,6752856,3083437
moved,1055,194,1.3091260948363124,164.9699916812475,6752856,3083437
winter,338,62,1.3062693153882583,53.06891983404165,6752856,3083437
intensity,143,26,1.306028048587837,22.779016447802157,6752856,3083437
lower,1371,253,1.3047385463202856,213.132810016166,6752856,3083437
wider,175,32,1.302000983751455,27.61847114296131,6752856,3083437
independently,137,25,1.299904042915875,21.694121477120177,6752856,3083437
blocking,180,33,1.2988074129047473,28.286567603848262,6752856,3083437
reaching,271,50,1.2956384815279154,42.142358438737546,6752856,3083437
exposure,201,37,1.2948589145074354,31.375757164017926,6752856,3083437
planet,1690,315,1.290779682386177,258.369363286798,6752856,3083437
understanding,1663,310,1.2905982691377333,254.1966087687349,6752856,3083437
trails,141,26,1.2857793647440319,21.94712003318309,6752856,3083437
d,914,171,1.283816170051253,138.85260101977664,6752856,3083437
leap,162,30,1.2826001468282793,25.03761141039132,6752856,3083437
diego,114,21,1.2819806098701947,17.77427963089868,6752856,3083437
simple,2936,551,1.2817064233813935,443.6899623285983,6752856,3083437
jet,380,71,1.2809228832005046,57.85815973619084,6752856,3083437
descent,151,28,1.279325545783558,23.285992946323596,6752856,3083437
r,634,119,1.277651122335706,95.78710467327664,6752856,3083437
approaching,172,32,1.277126315112426,26.37742290138423,6752856,3083437
generated,246,46,1.275326601745229,37.404820134755724,6752856,3083437
centered,161,30,1.2736945936063873,24.62615089308565,6752856,3083437
varying,182,34,1.2722697734645592,27.718264069883908,6752856,3083437
site,1593,301,1.271010688353117,237.95017855935896,6752856,3083437
paradox,229,43,1.2684484240404283,34.57442072328224,6752856,3083437
equipment,698,132,1.2673093324342504,104.11018200075696,6752856,3083437
page,1692,321,1.2653067676097602,250.9846976589419,6752856,3083437
gather,139,26,1.2652424337413368,21.124057773144905,6752856,3083437
fraction,160,30,1.2647337260347655,24.2166415638752,6752856,3083437
ring,465,88,1.2640733839511449,69.27155479951563,6752856,3083437
bearing,270,51,1.2620258331189453,40.353570661321896,6752856,3083437
carefully,390,74,1.2590517941551667,57.836703094779665,6752856,3083437
pic,117,22,1.253705426710674,17.622844843710965,6752856,3083437
area,1746,334,1.2534301032287525,255.28937513842402,6752856,3083437
freely,174,33,1.2500356122272285,25.82486695918596,6752856,3083437
debate,2107,405,1.24680038808752,305.4812529548302,6752856,3083437
forces,942,181,1.2455646466356247,136.66518770286345,6752856,3083437
formed,355,68,1.2447152431342372,51.78494685073346,6752856,3083437
eric,194,37,1.24384923096566,28.514420844333316,6752856,3083437
engineering,256,49,1.2424999720027934,37.39244545140498,6752856,3083437
near,1748,337,1.2421999652348719,252.09712428600176,6752856,3083437
repeating,401,77,1.2421733487184257,58.24341531525302,6752856,3083437
further,2696,520,1.2421595416864917,388.5088537748667,6752856,3083437
due,2897,559,1.2416402013927887,417.16771202005066,6752856,3083437
spin,493,95,1.2385190228959977,71.16202823187925,6752856,3083437
truths,126,24,1.2373253070544505,18.56124280411027,6752856,3083437
particle,291,56,1.2362146872606574,42.10393538129151,6752856,3083437
chamber,239,46,1.2337646111034974,34.571082647780244,6752856,3083437
standing,880,171,1.2291560041337448,125.14321689075976,6752856,3083437
cycle,464,90,1.2287304757747963,66.19947949048675,6752856,3083437
inconsistent,238,46,1.2277282213728289,34.17158419784011,6752856,3083437
ping,120,23,1.2273420610276728,17.485965882357462,6752856,3083437
wires,120,23,1.2273420610276728,17.485965882357462,6752856,3083437
points,2746,536,1.2249857922373202,387.36193979722907,6752856,3083437
buildings,370,72,1.2224622187662482,52.4830152525595,6752856,3083437
hundreds,901,176,1.22170088463651,126.9278453623092,6752856,3083437
santa,145,28,1.221026905218891,20.852133693746815,6752856,3083437
applied,538,105,1.220744922312371,75.91051815260397,6752856,3083437
caused,997,195,1.220189810277705,140.12959708182157,6752856,3083437
principles,303,59,1.2197765194230872,42.92981639952805,6752856,3083437
dependent,221,43,1.2172609691816387,31.355040595128195,6752856,3083437
account,1534,301,1.216580315041749,214.3466681550304,6752856,3083437
shill,114,22,1.2163922682426178,16.412334509509673,6752856,3083437
claimed,1121,220,1.2156206360041006,156.58813577595828,6752856,3083437
conclusion,1248,245,1.215442468088868,174.23009711064537,6752856,3083437
perceive,307,60,1.2146209394273566,43.207970399492766,6752856,3083437
communications,190,37,1.2138700734727899,26.9153697857952,6752856,3083437
obtained,129,25,1.2134245221904072,18.43294502249335,6752856,3083437
questioning,271,53,1.2123829778785633,38.09460771966587,6752856,3083437
blocked,169,33,1.2080938491539202,23.82368527897561,6752856,3083437
ships,933,184,1.2080707826411545,129.17094511035071,6752856,3083437
rocks,356,70,1.2072484905204433,49.55518601042537,6752856,3083437
determining,179,35,1.2071344907937178,25.171722526949146,6752856,3083437
away,6104,1207,1.2068915209461815,840.956007804032,6752856,3083437
fields,436,86,1.2042511924680641,60.34353484707151,6752856,3083437
pseudo,113,22,1.2037369674365892,16.014447274518083,6752856,3083437
devices,355,70,1.2031959736959703,49.16243883520828,6752856,3083437
shift,506,100,1.2024083440975584,69.78415567054478,6752856,3083437
position,2833,562,1.2017017774804752,387.99632853224057,6752856,3083437
answering,284,56,1.2011474563667428,39.32995106816662,6752856,3083437
arrive,263,52,1.1964552104464408,36.24078516561059,6752856,3083437
across,2270,452,1.1960619159291153,308.7424606500987,6752856,3083437
mechanical,132,26,1.1909696713627111,18.316400473223744,6752856,3083437
r.,132,26,1.1909696713627111,18.316400473223744,6752856,3083437
hurricanes,102,20,1.1909696713627111,14.271101808733135,6752856,3083437
answered,617,123,1.1909696713627111,83.73574060699144,6752856,3083437
higher,1745,349,1.1893175726526657,235.3891260874176,6752856,3083437
perfectly,1345,269,1.1888267893632605,181.43173328800958,6752856,3083437
answer,4168,840,1.1792501871608994,554.1907724485479,6752856,3083437
streams,121,24,1.1791442359659212,16.576183354330098,6752856,3083437
instruments,309,62,1.1770528910275264,41.42993445788716,6752856,3083437
produces,190,38,1.1759022232737695,25.629761579718824,6752856,3083437
vary,328,66,1.1735087012964889,43.74170945860787,6752856,3083437
conspiracies,160,32,1.1731032505691976,21.582957119763215,6752856,3083437
corners,150,30,1.1719239156721646,20.234022299777962,6752856,3083437
correctly,533,108,1.1668348048552946,70.14463901419353,6752856,3083437
impossible,1884,383,1.1659248886367721,246.39039931370957,6752856,3083437
differences,429,87,1.1643447857814835,56.367073203746685,6752856,3083437
discovered,511,104,1.1602728741397947,66.68259716516062,6752856,3083437
according,1920,392,1.1597589812274245,249.02565386965443,6752856,3083437
referencing,129,26,1.1579294095987032,17.14985711169085,6752856,3083437
increasing,348,71,1.1541850855653824,45.19738622865495,6752856,3083437
corrected,221,45,1.1524098248316708,28.812681028319822,6752856,3083437
fallacies,109,22,1.1519755397468479,14.452222983693336,6752856,3083437
suspended,133,27,1.148377794638243,17.440436195146916,6752856,3083437
angeles,128,26,1.1467456711060273,16.766162279504265,6752856,3083437
posted,1470,303,1.145579939106731,187.14926126319483,6752856,3083437
semantics,113,23,1.1410012120886264,14.743442574721897,6752856,3083437
sufficient,310,64,1.136263779272576,39.34317757125727,6752856,3083437
researchers,165,34,1.1312045265043975,21.01893311861415,6752856,3083437
shifting,117,24,1.1308486789251402,15.037161190453524,6752856,3083437
stretched,117,24,1.1308486789251402,15.037161190453524,6752856,3083437
doubts,136,28,1.1289087032304594,17.35413973508829,6752856,3083437
fluid,227,47,1.1289087032304594,28.64565609196115,6752856,3083437
demonstrating,179,37,1.1280629198025192,22.66288218227413,6752856,3083437
faster,810,169,1.1265684888565466,100.6674776432757,6752856,3083437
medium,413,86,1.126156868009899,51.53007286907169,6752856,3083437
gas,948,198,1.1255503427438667,117.57093490348927,6752856,3083437
strings,126,26,1.1241146966064595,16.00672493025282,6752856,3083437
mission,401,84,1.1174183177104788,49.43851500734918,6752856,3083437
relies,244,51,1.1162317042443641,30.215651485746953,6752856,3083437
letâs,130,27,1.1155878595205735,16.30428288647021,6752856,3083437
night,2018,425,1.1150941262698961,246.1037861829043,6752856,3083437
properties,386,81,1.1146380261691187,47.42073218303247,6752856,3083437
sees,367,77,1.1145176109248378,45.10188566601707,6752856,3083437
please,4444,937,1.114172107887182,540.7018533764185,6752856,3083437
representation,343,72,1.1132987752785144,42.110518960902496,6752856,3083437
research,1897,400,1.1132673143694671,230.77878151923414,6752856,3083437
falling,575,121,1.1129011910017983,70.23876049285619,6752856,3083437
eyes,1214,256,1.1123733355041598,147.66885578581434,6752856,3083437
longest,101,21,1.1081127389584269,12.639485028093652,6752856,3083437
hours,2031,430,1.1075017983095925,245.03489078100455,6752856,3083437
exhibit,115,24,1.106080773776198,14.284932103905575,6752856,3083437
foot,478,101,1.106080773776198,57.905206349074106,6752856,3083437
margin,176,37,1.103747259250648,21.54225915645997,6752856,3083437
effects,1239,263,1.1029249809248562,148.68756864929105,6752856,3083437
warned,298,63,1.1019440109679877,36.06067317695515,6752856,3083437
slightly,885,188,1.1009693599585986,106.03910583098869,6752856,3083437
reproduce,138,29,1.1001406931626956,16.904510067606367,6752856,3083437
zones,227,48,1.09885146937428,27.457245219480555,6752856,3083437
rely,499,106,1.0986728240419286,59.791910503770055,6752856,3083437
unexplained,105,22,1.0982876688528591,12.939329821576113,6752856,3083437
see,20259,4326,1.096367837881165,2401.4388329561953,6752856,3083437
physically,446,95,1.0941291135608229,53.14106056688222,6752856,3083437
viewpoint,184,39,1.0927378343586418,22.14793737562404,6752856,3083437
everyday,226,48,1.0924959743344564,27.089431598082854,6752856,3083437
occur,590,126,1.0918412511781959,69.92000559613766,6752856,3083437
exact,1233,264,1.0904596646614462,145.33563108633285,6752856,3083437
towards,1559,334,1.09004701320804,183.53232294865688,6752856,3083437
construct,165,35,1.0899818637778844,19.82922342716654,6752856,3083437
altered,137,29,1.0896863355255293,16.5350274820821,6752856,3083437
photon,146,31,1.0865185073976802,17.51055334702123,6752856,3083437
marine,104,22,1.084547612226557,12.56921594674563,6752856,3083437
hence,740,159,1.083984887999327,86.58554815253123,6752856,3083437
b.,141,30,1.0829624817443448,16.839212207318305,6752856,3083437
description,512,110,1.0825472114767256,59.92021461905486,6752856,3083437
grid,113,24,1.0808802196510554,13.544715799041427,6752856,3083437
hawaii,113,24,1.0808802196510554,13.544715799041427,6752856,3083437
possibilities,210,45,1.0789233593430487,24.711063609352415,6752856,3083437
close,2382,515,1.0774734579045446,275.07447917410786,6752856,3083437
footage,510,110,1.0769061679617185,59.195607866615106,6752856,3083437
wall,2136,462,1.0767656227527858,246.45488435845994,6752856,3083437
truth,2280,494,1.0743493205739925,262.1028494547936,6752856,3083437
cited,237,51,1.0743247525104402,27.642700719844612,6752856,3083437
outlandish,140,30,1.0727305591333887,16.474042406234872,6752856,3083437
rendering,140,30,1.0727305591333887,16.474042406234872,6752856,3083437
references,425,92,1.0706754376449992,48.95119881347752,6752856,3083437
depending,701,152,1.0706754376449992,80.45325968988962,6752856,3083437
columbus,172,37,1.0706754376449992,20.075831110319122,6752856,3083437
attached,245,53,1.067153804388895,28.258914177480996,6752856,3083437
links,621,135,1.0665031161739622,70.88084618796233,6752856,3083437
arrow,199,43,1.0663430168489663,23.008724784999856,6752856,3083437
reality,2064,450,1.0652349838379873,234.11976125922968,6752856,3083437
sufficiently,139,30,1.0624255507416498,16.11139366718632,6752856,3083437
rubbish,139,30,1.0624255507416498,16.11139366718632,6752856,3083437
vision,363,79,1.0619701751105879,41.33497730435165,6752856,3083437
produce,846,185,1.059132457750187,95.34424524416553,6752856,3083437
repeat,485,106,1.057659441668703,54.72417799030141,6752856,3083437
applying,202,44,1.0550862432809383,22.958524283669547,6752856,3083437
initial,475,104,1.0549839752550294,53.38889639520232,6752856,3083437
cable,278,61,1.0480605884761407,31.09907189649907,6752856,3083437
reflect,287,63,1.0477750355349202,32.07793035315092,6752856,3083437
challenge,576,127,1.0458649372682625,63.75901903757847,6752856,3083437
presenting,187,41,1.0447489305116673,20.955122048477186,6752856,3083437
coincidence,336,74,1.0443357506235045,37.28469390613316,6752856,3083437
pics,110,24,1.0422342917515721,12.457776218848565,6752856,3083437
scrutiny,173,38,1.0410468883587085,19.309125209571413,6752856,3083437
africa,538,119,1.0409773030388076,59.13650385969572,6752856,3083437
detailed,299,66,1.0401713337629448,33.014911273683936,6752856,3083437
missions,407,90,1.0398519385105833,44.76360895438343,6752856,3083437
lighter,204,45,1.0372039692184014,22.55836315663374,6752856,3083437
doesnât,168,37,1.0368276671613263,18.64234695306658,6752856,3083437
estimates,114,25,1.035820022600797,12.768837486204944,6752856,3083437
attract,105,23,1.0355519135048963,11.79003626067037,6752856,3083437
lift,208,46,1.033786338811981,22.871341160139984,6752856,3083437
numerous,517,115,1.0327075874459786,56.123595180066516,6752856,3083437
knowledge,1658,370,1.0313751409575371,178.68491893503665,6752856,3083437
presentation,136,30,1.031061379832315,15.038908771089154,6752856,3083437
tool,314,70,1.0264064309558445,33.91861900992714,6752856,3083437
island,452,101,1.0254796412607403,48.570459932893854,6752856,3083437
external,238,53,1.0254200460797134,25.771220738538332,6752856,3083437
passengers,131,29,1.0253175164058097,14.372916712230364,6752856,3083437
grasp,211,47,1.0236998212643507,22.833908613559103,6752856,3083437
cos,162,36,1.0235129255111481,17.62401912548868,6752856,3083437
michigan,104,23,1.021811856878594,11.435670580069992,6752856,3083437
credible,215,48,1.0206727933773194,23.14865090653892,6752856,3083437
pulls,135,30,1.020453280266334,14.686682604573853,6752856,3083437
expansion,286,64,1.0202056498089995,30.632354725982182,6752856,3083437
believed,579,130,1.0198004309119362,61.548237853422336,6752856,3083437
flawed,379,85,1.0191451370049174,40.390023977041665,6752856,3083437
indicate,268,60,1.0189566171861668,28.67430020406168,6752856,3083437
scripture,259,58,1.018267585249825,27.695281768227304,6752856,3083437
valid,902,203,1.0179397139836353,95.37122865631994,6752856,3083437
shows,2346,529,1.0168494475112753,246.96133987611222,6752856,3083437
station,457,103,1.0131825521474283,48.16023769568184,6752856,3083437
rough,227,51,1.012263784378189,24.095131386001604,6752856,3083437
rebuttal,222,50,1.008491619577314,23.432480236253582,6752856,3083437
deeper,226,51,1.0059082893383655,23.74905713286084,6752856,3083437
cameras,353,80,1.0036911031701305,36.733332325938875,6752856,3083437
